{
    "locale": "latin1",
    "ndd": "ndd1",
    "schema": "rel",
    "save_src": true,
    "post-processing": [
        {
            "type": "sql",
            "path": "processing/polygonize.sql",
            "input_types": [
                "line"
            ],
            "output_type": "polygon",
            "output_dim": "any",
            "layers": [
                "area_agricola_florestal_mato",
                "area_infra_trans_rodov",
                "areas_artificializadas",
                "constru_polig",
                "edificio"
            ]
        },
        {
            "type": "python",
            "path": "processing.to3D",
            "input_types": [
                "any"
            ],
            "output_type": "any",
            "output_dim": "3D",
            "layers": [
                "curso_de_agua_eixo",
                "linha_de_quebra",
                "seg_via_ferrea",
                "via_rodov_limite"
            ]
        },
        {
            "type": "python",
            "path": "processing.to2D",
            "input_types": [
                "any"
            ],
            "output_type": "any",
            "output_dim": "2D",
            "layers": [
                "area_agricola_florestal_mato",
                "area_infra_trans_rodov",
                "area_trabalho",
                "areas_artificializadas",
                "cabo_electrico",
                "constru_polig",
                "edificio",
                "freguesia"
            ]
        }
    ]
}