{
	"objecto": {
		"Tema": "INFRAESTRUTURAS E SERVIÇOS DE INTERESSE PÚBLICO",
		"Característica geográfica": "Administração pública e órgãos de soberania",
		"Objeto INSPIRE": "GovernmentalService",
		"objeto": "AdmPublica",
		"Definição": "Serviço da administração pública e órgãos de soberania.",
		"Dim.": "-",
		"Atributos": [{
			"Atributo": "identificador",
			"Multip.": "1",
			"Definição": "Identificador unívoco - Universal Unique Identifier gerado através da função uuid_generate_v1mc().",
			"Tipo": "UUID",
			"D1": "x",
			"D2": "x"
		}, {
			"Atributo": "inicioObjeto",
			"Multip.": "1",
			"Definição": "Data e hora (hora:minuto:segundo) em que a versão em causa do “objeto” foi inserida ou alterada.",
			"Tipo": "DataTempo",
			"D1": "x",
			"D2": "x"
		}, {
			"Atributo": "fimObjeto",
			"Multip.": "[0..1]",
			"Definição": "Data e hora (hora:minuto:segundo) em que a versão em causa do “objeto” foi substituída.",
			"Tipo": "DataTempo",
			"D1": "",
			"D2": ""
		}, {
			"Atributo": "valorTipoAdmPublica",
			"Multip.": "[1]",
			"Tipo": "Lista de códigos",
			"D1": "x",
			"D2": "x",
			"Definição": "Caracterização do serviço da Administração Pública."
		}, {
			"Atributo": "nome",
			"Multip.": "1",
			"Tipo": "Texto",
			"D1": "x",
			"D2": "x",
			"Definição": "Topónimo utilizado para identificar o objeto no mundo real."
		}, {
			"Atributo": "pontoDeContacto",
			"Multip.": "1",
			"Tipo": "Texto",
			"D1": "",
			"D2": "",
			"Definição": "Identificação do serviço ou a pessoa de contacto."
		}],
		"listas de códigos": [{
			"nome": "valorTipoAdmPublica",
			"valores": [ {
				"Valores": "1",
				"Descrição": "Assembleia da República, Assembleia Regional",
				"Valores INSPIRE": "",
				"D1": "x",
				"D2": "x",
				"Definição": "Edifício onde os representantes do povo exercem o poder democrático a nível nacional ou regional."
			}, {
				"Valores": "2",
				"Descrição": "Ministério, Gabinete do Secretário de Estado; Secretaria-geral",
				"Valores INSPIRE": "",
				"D1": "x",
				"D2": "x",
				"Definição": "Edifício onde se dirigem e exercem atividades administrativas da responsabilidade da Administração Central do Estado."
			}, {
				"Valores": "3",
				"Descrição": "Câmara Municipal, Assembleia Municipal",
				"Valores INSPIRE": "",
				"D1": "x",
				"D2": "x",
				"Definição": "Edifício onde se exercem atividades de gestão municipal ou onde os representantes dos munícipes exercem o poder democrático autárquico."
			}, {
				"Valores": "4",
				"Descrição": "Junta de Freguesia",
				"Valores INSPIRE": "",
				"D1": "x",
				"D2": "x",
				"Definição": "Edifício onde se dirigem e exercem atividades administrativas da responsabilidade da Junta de Freguesia e da Assembleia de Freguesia."
			}, {
				"Valores": "5",
				"Descrição": "Outro - Administração pública",
				"Valores INSPIRE": "",
				"D1": "x",
				"D2": "x",
				"Definição": "Edifício onde se exercem atividades da responsabilidade do Estado tais como direção geral, instituto público, agência pública, Loja do Cidadão, etc."
			}]
		}]
	}
}
