{
	"objecto": {
		"Tema": "HIDROGRAFIA",
		"Característica geográfica": "Água lêntica",
		"Objeto INSPIRE": "StandingWater",
		"objeto": "AguaLentica",
		"Definição": "Massa de água totalmente rodeada por terra ou localizada junto à costa.",
		"Dim.": "3D",
		"Atributos": [{
			"Atributo": "identificador",
			"Multip.": "1",
			"Definição": "Identificador unívoco - Universal Unique Identifier gerado através da função uuid_generate_v1mc().",
			"Tipo": "UUID",
			"D1": "x",
			"D2": "x"
		}, {
			"Atributo": "inicioObjeto",
			"Multip.": "1",
			"Definição": "Data e hora (hora:minuto:segundo) em que a versão em causa do “objeto” foi inserida ou alterada.",
			"Tipo": "DataTempo",
			"D1": "x",
			"D2": "x"
		}, {
			"Atributo": "fimObjeto",
			"Multip.": "[0..1]",
			"Definição": "Data e hora (hora:minuto:segundo) em que a versão em causa do “objeto” foi substituída.",
			"Tipo": "DataTempo",
			"D1": "",
			"D2": ""
		}, {
			"Atributo": "geometria",
			"Multip.": "1",
			"Tipo": "Geometria (polígono)",
			"D1": "x",
			"D2": "x",
			"Definição": ""
		}, {
			"Atributo": "valorAguaLentica",
			"Multip.": "1",
			"Tipo": "Lista de códigos",
			"D1": "x",
			"D2": "x",
			"Definição": "Classificação do tipo de água lêntica."
		}, {
			"Atributo": "valorPersistenciaHidrologica",
			"Multip.": "1",
			"Tipo": "Lista de códigos",
			"D1": "",
			"D2": "",
			"Definição": "Categoria de persistência hidrológica de uma massa de água."
		}, {
			"Atributo": "cotaPlenaArmazenamento",
			"Multip.": "1",
			"Tipo": "Booleano",
			"D1": "x",
			"D2": "x",
			"Definição": "Indica se foi usada a cota de pleno armazenamento na aquisição do objeto (nível de pleno armazenamento – NPA)."
		}, {
			"Atributo": "dataFonteDados",
			"Multip.": "[0..1]",
			"Tipo": "Data",
			"D1": "x",
			"D2": "x",
			"Definição": "Data da fonte de dados usada para a representação do objeto. Aplicável apenas quando o objeto é adquirido a partir da informação visual disponível e não aplicável quando foi usada, para a sua representação, o nível de pleno armazenamento – NPA."
		}, {
			"Atributo": "iDHidrografico",
			"Multip.": "1",
			"Tipo": "Texto",
			"D1": "",
			"D2": "",
			"Definição": "Identificador do objeto no mundo real."
		}, {
			"Atributo": "mare",
			"Multip.": "1",
			"Tipo": "Booleano",
			"D1": "x",
			"D2": "x",
			"Definição": "Indica se a massa de água é afetada por águas flúvio-marítimas, sujeita a marés."
		}, {
			"Atributo": "nome",
			"Multip.": "[0..1]",
			"Tipo": "Texto",
			"D1": "x",
			"D2": "x",
			"Definição": "Topónimo da entidade no mundo real."
		}, {
			"Atributo": "origemNatural",
			"Multip.": "1",
			"Tipo": "Booleano",
			"D1": "",
			"D2": "",
			"Definição": "Identifica se a característica geográfica tem origem natural (e não artificial)."
		}, {
			"Atributo": "profundidadeMedia",
			"Multip.": "1",
			"Tipo": "Real",
			"D1": "",
			"D2": "",
			"Definição": "Profundidade média da massa de água. [unidade: metro]"
		}],
		"listas de códigos": [{
			"nome": "valorAguaLentica",
			"valores": [{
				"Valores": "1",
				"Descrição": "Lagoa",
				"Valores INSPIRE": "",
				"D1": "x",
				"D2": "x",
				"Definição": "Extensão de água, normalmente de pouca profundidade, rodeada de terra por todos os lados, que ocupa permanentemente uma depressão do terreno."
			}, {
				"Valores": "2",
				"Descrição": "Albufeira",
				"Valores INSPIRE": "",
				"D1": "x",
				"D2": "x",
				"Definição": "Extensão de água junto à costa resultante da ação do mar ou lago artificial criado por barragem ou represa construída num curso de água."
			}, {
				"Valores": "3",
				"Descrição": "Charca",
				"Valores INSPIRE": "",
				"D1": "x",
				"D2": "",
				"Definição": "Escavação em terreno feita com o objetivo de captação e gestão de águas para fins agrícolas."
			}]
		}, {
			"nome": "valorPersistenciaHidrologica",
			"valores": [{
				"Valores": "1",
				"Descrição": "Seco",
				"Valores INSPIRE": "dry",
				"D1": "",
				"D2": "",
				"Definição": "Cheio e/ou a correr raramente, de um modo geral, unicamente durante e /ou logo após forte precipitação."
			}, {
				"Valores": "2",
				"Descrição": "Efémero",
				"Valores INSPIRE": "ephemeral",
				"D1": "",
				"D2": "",
				"Definição": "Cheio e/ou a correr durante e logo após precipitações."
			}, {
				"Valores": "3",
				"Descrição": "Intermitente",
				"Valores INSPIRE": "intermittent",
				"D1": "",
				"D2": "",
				"Definição": "Cheio e/ou a correr durante uma parte do ano."
			}, {
				"Valores": "4",
				"Descrição": "Perene",
				"Valores INSPIRE": "perennial",
				"D1": "",
				"D2": "",
				"Definição": "Cheio e/ou a correr continuamente ao longo do ano."
			}]
		}]
	}
}
