{
	"objecto": {
		"Tema": "TRANSPORTES (Transporte aéreo)",
		"Característica geográfica": "Área da infraestrutura de transporte aéreo",
		"Objeto INSPIRE": "",
		"objeto": "AreaInfraTransAereo",
		"Definição": "Área que dispõe de instalações, equipamentos e serviços destinados ao tráfego aéreo.",
		"Dim.": "2D",
		"Atributos": [{
			"Atributo": "identificador",
			"Multip.": "1",
			"Definição": "Identificador unívoco - Universal Unique Identifier gerado através da função uuid_generate_v1mc().",
			"Tipo": "UUID",
			"D1": "x",
			"D2": "x"
		}, {
			"Atributo": "inicioObjeto",
			"Multip.": "1",
			"Definição": "Data e hora (hora:minuto:segundo) em que a versão em causa do “objeto” foi inserida ou alterada.",
			"Tipo": "DataTempo",
			"D1": "x",
			"D2": "x"
		}, {
			"Atributo": "fimObjeto",
			"Multip.": "[0..1]",
			"Definição": "Data e hora (hora:minuto:segundo) em que a versão em causa do “objeto” foi substituída.",
			"Tipo": "DataTempo",
			"D1": "",
			"D2": ""
		}, {
			"Atributo": "geometria",
			"Multip.": "1",
			"Tipo": "Geometria (polígono)",
			"D1": "x",
			"D2": "x",
			"Definição": ""
		}, {
			"Atributo": "valorTipoAreaInfraTransAereo",
			"Multip.": "1",
			"Tipo": "Lista de códigos",
			"D1": "x",
			"D2": "x",
			"Definição": "Tipo de área associada ao transporte aéreo."
		}],
		"listas de códigos": [{
			"nome": "valorTipoAreaInfraTransAereo",
			"valores": [{
				"Valores": "1",
				"Descrição": "Área da infraestrutura",
				"Valores INSPIRE": "AerodromeArea",
				"D1": "x",
				"D2": "x",
				"Definição": "Perímetro envolvente ao aeródromo, heliporto, aeródromo com heliporto ou local de aterragem."
			}, {
				"Valores": "2",
				"Descrição": "Área de pista",
				"Valores INSPIRE": "RunwayArea",
				"D1": "x",
				"D2": "x",
				"Definição": "Área preparada para a aterragem e descolagem de aeronaves."
			}, {
				"Valores": "3",
				"Descrição": "Área de circulação",
				"Valores INSPIRE": "TaxiwayArea",
				"D1": "",
				"D2": "",
				"Definição": "Via destinada à circulação de aeronaves e a estabelecer uma ligação entre partes do aeródromo (taxiway)."
			}, {
				"Valores": "4",
				"Descrição": "Plataforma de estacionamento",
				"Valores INSPIRE": "ApronArea",
				"D1": "",
				"D2": "",
				"Definição": "Área destinada a receber aeronaves para fins de embarque ou desembarque de passageiros, correio ou carga e para abastecimento de combustível, estacionamento ou manutenção."
			}]
		}]
	}
}
