{
	"objecto": {
		"Tema": "OCUPAÇÃO DO SOLO",
		"Característica geográfica": "Área agrícola, florestal ou mato",
		"Objeto INSPIRE": "LandCoverUnit",
		"objeto": "AreaAgricolaFlorestalMato",
		"Definição": "Áreas naturais de ocupação do solo.",
		"Dim.": "2D",
		"Atributos": [{
			"Atributo": "identificador",
			"Multip.": "1",
			"Definição": "Identificador unívoco - Universal Unique Identifier gerado através da função uuid_generate_v1mc().",
			"Tipo": "UUID",
			"D1": "x",
			"D2": "x"
		}, {
			"Atributo": "inicioObjeto",
			"Multip.": "1",
			"Definição": "Data e hora (hora:minuto:segundo) em que a versão em causa do “objeto” foi inserida ou alterada.",
			"Tipo": "DataTempo",
			"D1": "x",
			"D2": "x"
		}, {
			"Atributo": "fimObjeto",
			"Multip.": "[0..1]",
			"Definição": "Data e hora (hora:minuto:segundo) em que a versão em causa do “objeto” foi substituída.",
			"Tipo": "DataTempo",
			"D1": "",
			"D2": ""
		}, {
			"Atributo": "geometria",
			"Multip.": "1",
			"Tipo": "Geometria (polígono)",
			"D1": "x",
			"D2": "x",
			"Definição": ""
		}, {
			"Atributo": "valorAreasAgricolasFlorestaisMatos",
			"Multip.": "1",
			"Tipo": "Lista de códigos",
			"D1": "x",
			"D2": "x",
			"Definição": "Tipo de área verde."
		}, {
			"Atributo": "nome",
			"Multip.": "[0..1]",
			"Tipo": "Texto",
			"D1": "x",
			"D2": "x",
			"Definição": "Nome da área."
		}],
		"listas de códigos": [{
			"nome": "valorAreasAgricolasFlorestaisMatos",
			"valores": [{
				"Valores": "1",
				"Descrição": "Agricultura",
				"Valores INSPIRE": "",
				"D1": "x",
				"D2": "",
				"Definição": "Áreas utilizadas para agricultura, constituídas por terras aráveis e culturas permanentes."
			}, {
				"Valores": "1.1",
				"Descrição": "Cultura temporária de sequeiro e regadio",
				"Valores INSPIRE": "",
				"D1": "",
				"D2": "x",
				"Definição": "Culturas agrícolas temporárias irrigadas e não irrigadas."
			}, {
				"Valores": "1.2",
				"Descrição": "Arrozal",
				"Valores INSPIRE": "",
				"D1": "",
				"D2": "x",
				"Definição": "Área de uso agrícola preparada para o cultivo do arroz."
			}, {
				"Valores": "1.3",
				"Descrição": "Vinha",
				"Valores INSPIRE": "",
				"D1": "",
				"D2": "x",
				"Definição": "Área com plantações de vinha."
			}, {
				"Valores": "1.4",
				"Descrição": "Pomar",
				"Valores INSPIRE": "",
				"D1": "",
				"D2": "x",
				"Definição": "Área com árvores ou arbustos de uma ou várias espécies destinados à produção de fruto."
			}, {
				"Valores": "1.5",
				"Descrição": "Olival",
				"Valores INSPIRE": "",
				"D1": "",
				"D2": "x",
				"Definição": "Área de plantação de oliveiras (Olea europea var. europea) para produção de azeitona."
			}, {
				"Valores": "2",
				"Descrição": "Pastagem",
				"Valores INSPIRE": "",
				"D1": "",
				"D2": "",
				"Definição": "Área ocupada com vegetação essencialmente do tipo herbácea."
			}, {
				"Valores": "2.1",
				"Descrição": "Pastagem permanente",
				"Valores INSPIRE": "",
				"D1": "x",
				"D2": "x",
				"Definição": "Área ocupada com vegetação predominantemente herbácea semeada, não incluída em sistemas de rotação de culturas, podendo ou não ter pastoreio in situ, e que acessoriamente pode ou não ser cortada em determinados períodos do ano."
			}, {
				"Valores": "2.2",
				"Descrição": "Vegetação herbácea natural",
				"Valores INSPIRE": "",
				"D1": "x",
				"D2": "x",
				"Definição": "Área ocupada com vegetação predominantemente herbácea espontânea onde não existe qualquer intervenção do homem."
			},{
				"Valores": "3",
				"Descrição": "Sistema agroflorestal",
				"Valores INSPIRE": "",
				"D1": "x",
				"D2": "x",
				"Definição": "Área de terrenos dedicados aos usos florestais e agrícolas."
			}, {
				"Valores": "4",
				"Descrição": "Floresta",
				"Valores INSPIRE": "",
				"D1": "",
				"D2": "",
				"Definição": "Área de terreno coberto de árvores e de outras formações vegetais."
			}, {
				"Valores": "4.1",
				"Descrição": "Floresta de folhosas",
				"Valores INSPIRE": "",
				"D1": "x",
				"D2": "",
				"Definição": "Floresta de espécies arbóreas angiospérmicas."
			}, {
				"Valores": "4.1.1",
				"Descrição": "Sobreiro",
				"Valores INSPIRE": "",
				"D1": "",
				"D2": "x",
				"Definição": "Área ocupada por conjuntos de árvores da espécie sobreiro (Quercus suber)."
			}, {
				"Valores": "4.1.2",
				"Descrição": "Azinheira",
				"Valores INSPIRE": "",
				"D1": "",
				"D2": "x",
				"Definição": "Área ocupada por conjuntos de árvores da espécie azinheira (Quercus rotundifolia)."
			}, {
				"Valores": "4.1.3",
				"Descrição": "Carvalho",
				"Valores INSPIRE": "",
				"D1": "",
				"D2": "x",
				"Definição": "Área ocupada por conjuntos de árvores florestais das espécies carvalho-negral (Quercus pyrenaica), carvalho-alvarinho (Quercus robur), carvalho-português (Quercus faginea), ou de outros carvalhos."
			}, {
				"Valores": "4.1.4",
				"Descrição": "Castanheiro",
				"Valores INSPIRE": "",
				"D1": "",
				"D2": "x",
				"Definição": "Área ocupada por conjuntos de árvores da espécie castanheiro (Castanea sativa) resultantes de regeneração natural, sementeira ou plantação."
			}, {
				"Valores": "4.1.5",
				"Descrição": "Eucalipto",
				"Valores INSPIRE": "",
				"D1": "",
				"D2": "x",
				"Definição": "Área ocupada por conjuntos de árvores da espécie eucalipto (Eucalyptus spp.) resultantes de regeneração natural, sementeira ou plantação."
			}, {
				"Valores": "4.1.6",
				"Descrição": "Espécie invasora",
				"Valores INSPIRE": "",
				"D1": "",
				"D2": "x",
				"Definição": "Área ocupada por conjuntos de árvores de espécie de carácter invasor."
			}, {
				"Valores": "4.1.7",
				"Descrição": "Outras folhosas",
				"Valores INSPIRE": "",
				"D1": "",
				"D2": "x",
				"Definição": "Área ocupada por conjuntos de árvores em que se verifica a dominância numa espécie de outras folhosas não discriminadas nas restantes classes de folhosas (inclui floresta de nogueira (Juglans regia) desde que explorada para a produção de madeira)."
			}, {
				"Valores": "4.2",
				"Descrição": "Floresta de resinosas",
				"Valores INSPIRE": "",
				"D1": "x",
				"D2": "",
				"Definição": "Floresta de espécies arbóreas gimnospérmicas."
			}, {
				"Valores": "4.2.1",
				"Descrição": "Pinheiro manso",
				"Valores INSPIRE": "",
				"D1": "",
				"D2": "x",
				"Definição": "Área ocupada por conjuntos de árvores da espécie pinheiro manso (Pinus pinea) resultantes de regeneração natural, sementeira ou plantação."
			}, {
				"Valores": "4.2.2",
				"Descrição": "Pinheiro bravo",
				"Valores INSPIRE": "",
				"D1": "",
				"D2": "x",
				"Definição": "Área ocupada por conjuntos de árvores da espécie pinheiro bravo (Pinus pinaster) resultantes de regeneração natural, sementeira ou plantação."
			}, {
				"Valores": "4.2.3",
				"Descrição": "Outras resinosas",
				"Valores INSPIRE": "",
				"D1": "",
				"D2": "x",
				"Definição": "Área ocupada por conjuntos de árvores em que se verifica a dominância numa espécie de outras resinosas não discriminadas nas restantes classes de resinosas."
			}, {
				"Valores": "5",
				"Descrição": "Mato",
				"Valores INSPIRE": "",
				"D1": "x",
				"D2": "x",
				"Definição": "Área natural de vegetação espontânea (urzes, silvas, giestas, tojos, zambujeiro)."
			}]
		}]
	}
}
