{
	"objecto": {
		"Tema": "INFRAESTRUTURAS E SERVIÇOS DE INTERESSE PÚBLICO",
		"Característica geográfica": "Cabo elétrico",
		"Objeto INSPIRE": "ElectricityCable",
		"objeto": "CaboElectrico",
		"Definição": "Linhas elétricas aéreas ou subterrâneas destinadas ao transporte ou distribuição de energia elétrica.",
		"Dim.": "2D",
		"Atributos": [{
			"Atributo": "identificador",
			"Multip.": "1",
			"Definição": "Identificador unívoco - Universal Unique Identifier gerado através da função uuid_generate_v1mc().",
			"Tipo": "UUID",
			"D1": "x",
			"D2": "x"
		}, {
			"Atributo": "inicioObjeto",
			"Multip.": "1",
			"Definição": "Data e hora (hora:minuto:segundo) em que a versão em causa do “objeto” foi inserida ou alterada.",
			"Tipo": "DataTempo",
			"D1": "x",
			"D2": "x"
		}, {
			"Atributo": "fimObjeto",
			"Multip.": "[0..1]",
			"Definição": "Data e hora (hora:minuto:segundo) em que a versão em causa do “objeto” foi substituída.",
			"Tipo": "DataTempo",
			"D1": "",
			"D2": ""
		}, {
			"Atributo": "geometria",
			"Multip.": "1",
			"Tipo": "Geometria (linha)",
			"D1": "x",
			"D2": "x",
			"Definição": ""
		}, {
			"Atributo": "valorDesignacaoTensao",
			"Multip.": "1",
			"Tipo": "Lista de códigos",
			"D1": "x",
			"D2": "x",
			"Definição": "Categoria da tensão entre fases."
		}, {
			"Atributo": "valorPosicaoVertical",
			"Multip.": "1",
			"Tipo": "Lista de códigos",
			"D1": "x",
			"D2": "x",
			"Definição": "A posição vertical relativa da entidade (fenómeno no mundo real)."
		}, {
			"Atributo": "tensaoNominal",
			"Multip.": "1",
			"Tipo": "Real",
			"D1": "",
			"D2": "",
			"Definição": "Valor da tensão nominal entre fases. [unidade: kV]"
		}],
		"listas de códigos": [{
			"nome": "valorDesignacaoTensao",
			"valores": [{
				"Valores": "1",
				"Descrição": "Muito alta",
				"Valores INSPIRE": "",
				"D1": "x",
				"D2": "x",
				"Definição": "Tensão entre fases cujo valor eficaz é superior a 110 kV."
			}, {
				"Valores": "2",
				"Descrição": "Alta ",
				"Valores INSPIRE": "",
				"D1": "x",
				"D2": "x",
				"Definição": "Tensão entre fases cujo valor eficaz é superior a 45 kV e igual ou inferior a 110 kV."
			}, {
				"Valores": "3",
				"Descrição": "Média",
				"Valores INSPIRE": "",
				"D1": "x",
				"D2": "",
				"Definição": "Tensão entre fases cujo valor eficaz é superior a 1 kV e igual ou inferior a 45 kV."
			}, {
				"Valores": "4",
				"Descrição": "Baixa",
				"Valores INSPIRE": "",
				"D1": "x",
				"D2": "",
				"Definição": "Tensão entre fases cujo valor eficaz é igual ou inferior a 1 kV."
			}]
		}, {
			"nome": "valorPosicaoVertical",
			"valores": [{
				"Valores": "1",
				"Descrição": "Suspenso ou elevado",
				"Valores INSPIRE": "suspendedOrElevated",
				"D1": "x",
				"D2": "x",
				"Definição": "A entidade geográfica está acima do solo."
			}, {
				"Valores": "0",
				"Descrição": "Ao nível do solo",
				"Valores INSPIRE": "onGroundSurface ",
				"D1": "x",
				"D2": "x",
				"Definição": "A entidade geográfica está assente diretamente no solo."
			}, {
				"Valores": "-1",
				"Descrição": "No subsolo",
				"Valores INSPIRE": "underground",
				"D1": "x",
				"D2": "x",
				"Definição": "A entidade geográfica está assente abaixo do solo."
			}]
		}]
	}
}
