{
	"objecto": {
		"Tema": "CONSTRUÇÕES",
		"Característica geográfica": "Construção poligonal",
		"Objeto INSPIRE": "",
		"objeto": "ConstruPolig",
		"Definição": "Construção poligonal não classificada como “Edifício”.",
		"Dim.": "2D",
		"Atributos": [{
			"Atributo": "identificador",
			"Multip.": "1",
			"Definição": "Identificador unívoco - Universal Unique Identifier gerado através da função uuid_generate_v1mc().",
			"Tipo": "UUID",
			"D1": "x",
			"D2": "x"
		}, {
			"Atributo": "inicioObjeto",
			"Multip.": "1",
			"Definição": "Data e hora (hora:minuto:segundo) em que a versão em causa do “objeto” foi inserida ou alterada.",
			"Tipo": "DataTempo",
			"D1": "x",
			"D2": "x"
		}, {
			"Atributo": "fimObjeto",
			"Multip.": "[0..1]",
			"Definição": "Data e hora (hora:minuto:segundo) em que a versão em causa do “objeto” foi substituída.",
			"Tipo": "DataTempo",
			"D1": "",
			"D2": ""
		}, {
			"Atributo": "geometria",
			"Multip.": "1",
			"Tipo": "Geometria (ponto; polígono)",
			"D1": "x",
			"D2": "x",
			"Definição": ""
		}, {
			"Atributo": "valorTipoConstrucao",
			"Multip.": "1",
			"Tipo": "Lista de códigos",
			"D1": "x",
			"D2": "x",
			"Definição": "Tipo de construção poligonal."
		}, {
			"Atributo": "nome",
			"Multip.": "[0..1]",
			"Tipo": "Texto",
			"D1": "x",
			"D2": "x",
			"Definição": "Nome da construção."
		}],
		"listas de códigos": [{
			"nome": "valorTipoConstrucao",
			"valores": [{
				"Valores": "1",
				"Descrição": "Molhe",
				"Valores INSPIRE": "",
				"D1": "x",
				"D2": "x",
				"Definição": "Paredão ou muro de grande grossura que avança pela água dentro, geralmente à entrada de um porto ou perpendicular a praias, para quebrar o ímpeto das ondas, abrigar navios, servir de atracadouro ou para reter as areias das praias."
			}, {
				"Valores": "2",
				"Descrição": "Pontão",
				"Valores INSPIRE": "",
				"D1": "x",
				"D2": "x",
				"Definição": "Construção que entra pelo mar, curso ou massa de água adentro. Local específico no cais ou ponte-cais, onde um navio pode acostar ou amarrar para proceder a operações de embarque ou desembarque de carga ou passageiros."
			}, {
				"Valores": "3",
				"Descrição": "Piscina",
				"Valores INSPIRE": "",
				"D1": "x",
				"D2": "x",
				"Definição": "Reservatório feito de pedra, cimento ou outro material, onde se armazena água para fins lúdicos."
			}, {
				"Valores": "4",
				"Descrição": "Tanque",
				"Valores INSPIRE": "",
				"D1": "x",
				"D2": "x",
				"Definição": "Reservatório feito de pedra, cimento ou outro material, onde se armazena água para fins diversos como rega, lavagem de roupa ou para bebedouro de animais."
			}, {
				"Valores": "5",
				"Descrição": "Campo de jogos",
				"Valores INSPIRE": "",
				"D1": "x",
				"D2": "x",
				"Definição": "Limite do campo de jogos."
			}, {
				"Valores": "6",
				"Descrição": "Lago de jardim",
				"Valores INSPIRE": "",
				"D1": "x",
				"D2": "x",
				"Definição": "Pequena extensão de água que cobre uma área com fundo impermeável e tem fins decorativos ou recreativos."
			}, {
				"Valores": "7",
				"Descrição": "Escadaria",
				"Valores INSPIRE": "",
				"D1": "x",
				"D2": "x",
				"Definição": "Elemento arquitetónico não relacionado com vias de comunicação nem com edifício residencial."
			}, {
				"Valores": "8",
				"Descrição": "Bancada",
				"Valores INSPIRE": "",
				"D1": "x",
				"D2": "x",
				"Definição": "Conjunto de assentos dispostos em filas sucessivas, cada uma num nível superior ao da anterior (existe em estádios ou anfiteatros)."
			}, {
				"Valores": "9",
				"Descrição": "Passeio",
				"Valores INSPIRE": "",
				"D1": "",
				"D2": "",
				"Definição": "Área que ladeia a via rodoviária e que se destina à circulação de peões."
			}, {
				"Valores": "10",
				"Descrição": "Limite da construção linear",
				"Valores INSPIRE": "",
				"D1": "x",
				"D2": "x",
				"Definição": "Limite das construções delimitadoras definidas na “Construção linear” (exemplo: muros, muralhas e sebes)."
			}, {
				"Valores": "11",
				"Descrição": "Rampa de acesso",
				"Valores INSPIRE": "",
				"D1": "x",
				"D2": "x",
				"Definição": "Passagem em plano inclinado usada habitualmente em alternativa às escadas por pessoas com mobilidade."
			}]
		}]
	}
}
