{
	"objecto": {
		"Tema": "HIDROGRAFIA",
		"Característica geográfica": "Curso de água - eixo",
		"Objeto INSPIRE": "Watercourse",
		"objeto": "CursoDeAguaEixo",
		"Definição": "Eixo das águas de um rio, ribeira ou outra corrente natural ou artificial.",
		"Dim.": "3D",
		"Atributos": [{
			"Atributo": "identificador",
			"Multip.": "1",
			"Definição": "Identificador unívoco - Universal Unique Identifier gerado através da função uuid_generate_v1mc().",
			"Tipo": "UUID",
			"D1": "x",
			"D2": "x"
		}, {
			"Atributo": "inicioObjeto",
			"Multip.": "1",
			"Definição": "Data e hora (hora:minuto:segundo) em que a versão em causa do “objeto” foi inserida ou alterada.",
			"Tipo": "DataTempo",
			"D1": "x",
			"D2": "x"
		}, {
			"Atributo": "fimObjeto",
			"Multip.": "[0..1]",
			"Definição": "Data e hora (hora:minuto:segundo) em que a versão em causa do “objeto” foi substituída.",
			"Tipo": "DataTempo",
			"D1": "",
			"D2": ""
		}, {
			"Atributo": "geometria",
			"Multip.": "1",
			"Tipo": "Geometria (linha)",
			"D1": "x",
			"D2": "x",
			"Definição": ""
		}, {
			"Atributo": "valorCursoDeAgua",
			"Multip.": "1",
			"Tipo": "Lista de códigos",
			"D1": "x",
			"D2": "x",
			"Definição": "Caracterização do curso de água em função da sua navegabilidade e largura."
		}, {
			"Atributo": "valorPersistenciaHidrologica",
			"Multip.": "1",
			"Tipo": "Lista de códigos",
			"D1": "",
			"D2": "",
			"Definição": "Categoria de persistência hidrológica de uma massa de água."
		}, {
			"Atributo": "valorPosicaoVertical",
			"Multip.": "1",
			"Tipo": "Lista de códigos",
			"D1": "x",
			"D2": "x",
			"Definição": "A posição vertical relativa da entidade (fenómeno no mundo real)."
		}, {
			"Atributo": "comprimento",
			"Multip.": "1",
			"Tipo": "Real",
			"D1": "",
			"D2": "",
			"Definição": "Comprimento do curso de água. [unidade: metro]"
		}, {
			"Atributo": "delimitacaoConhecida",
			"Multip.": "1",
			"Tipo": "Booleano",
			"D1": "x",
			"D2": "x",
			"Definição": "Indica que a delimitação da entidade (fenómeno no mundo real) é conhecida. A delimitação pode não ser conhecida quando se trata de um curso de água subterrâneo ou não visível porque tapado pela vegetação."
		}, {
			"Atributo": "ficticio",
			"Multip.": "1",
			"Tipo": "Booleano",
			"D1": "x",
			"D2": "x",
			"Definição": "Indica se o objeto corresponde a uma extensão de um eixo para assegurar a ligação com outro curso de água."
		}, {
			"Atributo": "iDHidrografico",
			"Multip.": "1",
			"Tipo": "Texto",
			"D1": "",
			"D2": "",
			"Definição": "Identificador do objeto no mundo real."
		}, {
			"Atributo": "id_curso_de_agua_area",
			"Multip.": "1",
			"Definição": "",
			"Tipo": "ID",
			"D1": "",
			"D2": ""
		}, {
			"Atributo": "largura",
			"Multip.": "1",
			"Tipo": "Real",
			"D1": "",
			"D2": "",
			"Definição": "Largura média do curso de água. [unidade: metro]"
		}, {
			"Atributo": "nome",
			"Multip.": "[0..1]",
			"Tipo": "Texto",
			"D1": "x",
			"D2": "x",
			"Definição": "Topónimo da entidade no mundo real."
		}, {
			"Atributo": "ordemHidrologica",
			"Multip.": "1",
			"Tipo": "Texto",
			"D1": "",
			"D2": "",
			"Definição": "Código que exprime o grau de ramificação num sistema hidrológico."
		}, {
			"Atributo": "origemNatural",
			"Multip.": "1",
			"Tipo": "Booleano",
			"D1": "",
			"D2": "",
			"Definição": "Identifica se a entidade tem origem natural (e não artificial)."
		}],
		"listas de códigos": [{
			"nome": "valorCursoDeAgua",
			"valores": [{
				"Valores": "1",
				"Descrição": "Rio navegável ou flutuável",
				"Valores INSPIRE": "",
				"D1": "x",
				"D2": "x",
				"Definição": "Troço ou percurso total de curso de água que permite a navegação."
			}, {
				"Valores": "2",
				"Descrição": "Rio não navegável nem flutuável",
				"Valores INSPIRE": "",
				"D1": "x",
				"D2": "x",
				"Definição": "Troço ou percurso total de curso de água que não permite a navegação nem a flutuabilidade."
			}, {
				"Valores": "3",
				"Descrição": "Ribeira",
				"Valores INSPIRE": "",
				"D1": "x",
				"D2": "x",
				"Definição": "Pequeno curso de água de dimensões e caudal, permanente ou temporário, inferiores aos de um rio."
			}, {
				"Valores": "4",
				"Descrição": "Linha de água",
				"Valores INSPIRE": "",
				"D1": "x",
				"D2": "x",
				"Definição": "Linha correspondente ao talvegue definido por duas ou mais vertentes, onde corre água com caudal permanente ou temporário."
			}, {
				"Valores": "5",
				"Descrição": "Canal",
				"Valores INSPIRE": "",
				"D1": "x",
				"D2": "x",
				"Definição": "Passagem artificial de águas por vezes em forma de calha, para conduzir águas de caudal mais ou menos constante, para usos geralmente industriais ou agrícolas."
			}, {
				"Valores": "6",
				"Descrição": "Vala",
				"Valores INSPIRE": "",
				"D1": "x",
				"D2": "x",
				"Definição": "Fosso longo, mais ou menos largo, para conduzir águas de caudal mais ou menos constante, para usos geralmente industriais ou agrícolas."
			}]
		}, {
			"nome": "valorPersistenciaHidrologica",
			"valores": [{
				"Valores": "1",
				"Descrição": "Seco",
				"Valores INSPIRE": "",
				"D1": "",
				"D2": "",
				"Definição": "Cheio e/ou a correr raramente, de um modo geral, unicamente durante e /ou logo após forte precipitação."
			}, {
				"Valores": "2",
				"Descrição": "Efémero",
				"Valores INSPIRE": "",
				"D1": "",
				"D2": "",
				"Definição": "Cheio e/ou a correr durante e logo após precipitações."
			}, {
				"Valores": "3",
				"Descrição": "Intermitente",
				"Valores INSPIRE": "",
				"D1": "",
				"D2": "",
				"Definição": "Cheio e/ou a correr durante uma parte do ano."
			}, {
				"Valores": "4",
				"Descrição": "Perene",
				"Valores INSPIRE": "",
				"D1": "",
				"D2": "",
				"Definição": "Cheio e/ou a correr continuamente ao longo do ano."
			}]
		}, {
			"nome": "valorPosicaoVertical",
			"valores": [{
				"Valores": "1",
				"Descrição": "Suspenso ou elevado",
				"Valores INSPIRE": "suspendedOrElevated",
				"D1": "x",
				"D2": "x",
				"Definição": "A entidade geográfica está acima do solo."
			}, {
				"Valores": "0",
				"Descrição": "Ao nível do solo",
				"Valores INSPIRE": "onGroundSurface ",
				"D1": "x",
				"D2": "x",
				"Definição": "A entidade geográfica está assente diretamente no solo."
			}, {
				"Valores": "-1",
				"Descrição": "No subsolo",
				"Valores INSPIRE": "underground",
				"D1": "x",
				"D2": "x",
				"Definição": "A entidade geográfica está assente abaixo do solo."
			}]
		}]
	}
}
