{
	"objecto": {
		"Tema": "HIDROGRAFIA",
		"Característica geográfica": "Curso de água - área",
		"Objeto INSPIRE": "Watercourse",
		"objeto": "CursoDeAguaArea",
		"Definição": "Área limite das águas de um rio, ribeira ou outra corrente natural ou artificial.",
		"Dim.": "3D",
		"Atributos": [{
			"Atributo": "identificador",
			"Multip.": "1",
			"Definição": "Identificador unívoco - Universal Unique Identifier gerado através da função uuid_generate_v1mc().",
			"Tipo": "UUID",
			"D1": "x",
			"D2": "x"
		}, {
			"Atributo": "inicioObjeto",
			"Multip.": "1",
			"Definição": "Data e hora (hora:minuto:segundo) em que a versão em causa do “objeto” foi inserida ou alterada.",
			"Tipo": "DataTempo",
			"D1": "x",
			"D2": "x"
		}, {
			"Atributo": "fimObjeto",
			"Multip.": "[0..1]",
			"Definição": "Data e hora (hora:minuto:segundo) em que a versão em causa do “objeto” foi substituída.",
			"Tipo": "DataTempo",
			"D1": "",
			"D2": ""
		}, {
			"Atributo": "geometria",
			"Multip.": "1",
			"Tipo": "Geometria (polígono)",
			"D1": "x",
			"D2": "x",
			"Definição": ""
		}, {
			"Atributo": "delimitacaoConhecida",
			"Multip.": "1",
			"Tipo": "Booleano",
			"D1": "x",
			"D2": "x",
			"Definição": "Indica que a delimitação da entidade (fenómeno no mundo real) é conhecida. A delimitação pode não ser conhecida quando se trata de um curso de água subterrâneo ou não visível porque tapado pela vegetação."
		}],
		"listas de códigos": []
	}
}
