{
	"objecto": {
		"Tema": "TOPONÍMIA",
		"Característica geográfica": "Designação local",
		"Objeto INSPIRE": "NamedPlace",
		"objeto": "DesignacaoLocal",
		"Definição": "Designação de uma entidade do mundo real referenciada através de um ou mais nomes próprios.",
		"Dim.": "2D",
		"Atributos": [{
			"Atributo": "identificador",
			"Multip.": "1",
			"Definição": "Identificador unívoco - Universal Unique Identifier gerado através da função uuid_generate_v1mc().",
			"Tipo": "UUID",
			"D1": "x",
			"D2": "x"
		}, {
			"Atributo": "inicioObjeto",
			"Multip.": "1",
			"Definição": "Data e hora (hora:minuto:segundo) em que a versão em causa do “objeto” foi inserida ou alterada.",
			"Tipo": "DataTempo",
			"D1": "x",
			"D2": "x"
		}, {
			"Atributo": "fimObjeto",
			"Multip.": "[0..1]",
			"Definição": "Data e hora (hora:minuto:segundo) em que a versão em causa do “objeto” foi substituída.",
			"Tipo": "DataTempo",
			"D1": "",
			"D2": ""
		}, {
			"Atributo": "geometria",
			"Multip.": "1",
			"Tipo": "Geometria (ponto)",
			"D1": "x",
			"D2": "x",
			"Definição": ""
		}, {
			"Atributo": "valorLocalNomeado",
			"Multip.": "1",
			"Tipo": "Lista de códigos",
			"D1": "x",
			"D2": "x",
			"Definição": "Nome de local."
		}, {
			"Atributo": "nome",
			"Multip.": "1",
			"Tipo": "Texto",
			"D1": "x",
			"D2": "x",
			"Definição": "Topónimo utilizado para identificar o objeto no mundo real."
		}],
		"listas de códigos": [{
			"nome": "valorLocalNomeado",
			"valores": [{
				"Valores": "1",
				"Descrição": "Capital do País",
				"Valores INSPIRE": "",
				"D1": "",
				"D2": "x",
				"Definição": "Cidade onde está situada a sede administrativa do país."
			}, {
				"Valores": "2",
				"Descrição": "Sede administrativa de Região Autónoma",
				"Valores INSPIRE": "",
				"D1": "",
				"D2": "x",
				"Definição": "Cidade onde está situada a sede administrativa da Região Autónoma."
			}, {
				"Valores": "3",
				"Descrição": "Capital de Distrito",
				"Valores INSPIRE": "",
				"D1": "x",
				"D2": "x",
				"Definição": "Cidade onde está situada a sede administrativa do distrito."
			}, {
				"Valores": "4",
				"Descrição": "Sede de Concelho",
				"Valores INSPIRE": "",
				"D1": "x",
				"D2": "x",
				"Definição": "Lugar onde está instalada a Câmara Municipal e que dá o nome ao município."
			}, {
				"Valores": "5",
				"Descrição": "Sede de Freguesia",
				"Valores INSPIRE": "",
				"D1": "x",
				"D2": "x",
				"Definição": "Lugar onde está instalada a freguesia e que dá o nome à mesma."
			}, {
				"Valores": "6",
				"Descrição": "Forma de relevo",
				"Valores INSPIRE": "",
				"D1": "",
				"D2": "",
				"Definição": "Características geomorfológicas dos terrenos."
			}, {
				"Valores": "6.1",
				"Descrição": "Serra",
				"Valores INSPIRE": "",
				"D1": "",
				"D2": "x",
				"Definição": "Forma natural de relevo constituída por uma cadeia de montanhas."
			}, {
				"Valores": "6.2",
				"Descrição": "Cabo",
				"Valores INSPIRE": "",
				"D1": "x",
				"D2": "x",
				"Definição": "Zona da costa onde a terra avança pelo mar originando uma saliência natural."
			}, {
				"Valores": "6.3",
				"Descrição": "Ria",
				"Valores INSPIRE": "",
				"D1": "x",
				"D2": "x",
				"Definição": "Enseada comprida e estreita na costa marítima, em que o mar invadiu os vales fluviais interiores."
			}, {
				"Valores": "6.4",
				"Descrição": "Ponta",
				"Valores INSPIRE": "",
				"D1": "x",
				"D2": "x",
				"Definição": "Cume de uma elevação natural com dimensões consideráveis - o mesmo que pico."
			}, {
				"Valores": "6.5",
				"Descrição": "Península",
				"Valores INSPIRE": "",
				"D1": "x",
				"D2": "x",
				"Definição": "Porção de terra cercada de água por todos os lados menos por um que a liga geralmente a uma região mais vasta, habitualmente continental."
			}, {
				"Valores": "6.6",
				"Descrição": "Baía",
				"Valores INSPIRE": "",
				"D1": "x",
				"D2": "x",
				"Definição": "Reentrância da costa, geralmente entre dois cabos, de contorno aproximadamente semicircular ou estreita à entrada e mais larga no interior, de extensão considerável, menor que um golfo."
			}, {
				"Valores": "6.7",
				"Descrição": "Enseada",
				"Valores INSPIRE": "",
				"D1": "x",
				"D2": "x",
				"Definição": "Reentrância ou recôncavo da costa marítima, que forma pequeno porto de abrigo."
			}, {
				"Valores": "6.8",
				"Descrição": "Ínsua",
				"Valores INSPIRE": "",
				"D1": "x",
				"D2": "x",
				"Definição": "Ilha pequena que fica no curso de um rio."
			}, {
				"Valores": "6.9",
				"Descrição": "Dunas",
				"Valores INSPIRE": "",
				"D1": "x",
				"D2": "x",
				"Definição": "Colinas de areia formadas pelo vento junto das praias."
			}, {
				"Valores": "6.10",
				"Descrição": "Fajã",
				"Valores INSPIRE": "",
				"D1": "x",
				"D2": "x",
				"Definição": "Terreno plano ou em declive não muito acentuado, junto ao mar subjacente a uma arriba abrupta. Pode ter origem na solidificação de mantos de lavas que escorreram pelas encostas, ou no depósito de materiais provenientes do desmoronamento das arribas erodidas"
			}, {
				"Valores": "7",
				"Descrição": "Lugar",
				"Valores INSPIRE": "",
				"D1": "",
				"D2": "",
				"Definição": "Aglomerado populacional com designação própria."
			}, {
				"Valores": "7.1",
				"Descrição": "Cidade",
				"Valores INSPIRE": "",
				"D1": "x",
				"D2": "x",
				"Definição": "Aglomerado populacional com a categoria de “cidade”."
			}, {
				"Valores": "7.2",
				"Descrição": "Vila",
				"Valores INSPIRE": "",
				"D1": "x",
				"D2": "x",
				"Definição": "Aglomerado populacional com a categoria de “vila”."
			}, {
				"Valores": "7.3",
				"Descrição": "Outro aglomerado",
				"Valores INSPIRE": "",
				"D1": "x",
				"D2": "x",
				"Definição": "Povoação de pequenas dimensões e densidade populacional reduzida (aldeia, lugar, casal, etc.)."
			}, {
				"Valores": "8",
				"Descrição": "Designação local",
				"Valores INSPIRE": "",
				"D1": "x",
				"D2": "x",
				"Definição": "Nome de local que se destaca e constitui uma referência conhecida da população (pinhal, mata, mouchão, lombo, etc.)."
			}, {
				"Valores": "9",
				"Descrição": "Área protegida",
				"Valores INSPIRE": "",
				"D1": "x",
				"D2": "x",
				"Definição": "Área relevante para a conservação da natureza e da biodiversidade e que é objeto de regulamentação específica (inclui o Parque Natural, os parques e reservas naturais e as paisagens protegidas)."
			}, {
				"Valores": "10",
				"Descrição": "Praia",
				"Valores INSPIRE": "",
				"D1": "x",
				"D2": "x",
				"Definição": "Faixa arenosa no litoral marítimo ou numa parte de uma margem ribeirinha."
			}, {
				"Valores": "11",
				"Descrição": "Oceano",
				"Valores INSPIRE": "",
				"D1": "x",
				"D2": "x",
				"Definição": "Grande massa de água salgada na superfície da Terra."
			}, {
				"Valores": "12",
				"Descrição": "Arquipélago",
				"Valores INSPIRE": "",
				"D1": "x",
				"D2": "x",
				"Definição": "Grupo de ilhas mais ou menos próximas entre si."
			}, {
				"Valores": "13",
				"Descrição": "Ilha",
				"Valores INSPIRE": "",
				"D1": "x",
				"D2": "x",
				"Definição": "Extensão de terra cercada de água por todos os lados."
			}, {
				"Valores": "14",
				"Descrição": "Ilhéu",
				"Valores INSPIRE": "",
				"D1": "x",
				"D2": "x",
				"Definição": "Ilha de pequenas dimensões, normalmente não habitada."
			}, {
				"Valores": "15",
				"Descrição": "Outro - Local nomeado",
				"Valores INSPIRE": "",
				"D1": "x",
				"D2": "x",
				"Definição": "Local não enquadrável em qualquer um dos outros valores. "
			}]
		}]
	}
}
