{
	"objecto": {
		"Tema": "UNIDADES ADMINISTRATIVAS",
		"Característica geográfica": "Distrito",
		"Objeto INSPIRE": "",
		"objeto": "Distrito",
		"Definição": "Divisão administrativa estabelecida de acordo com a Constituição Portuguesa. ",
		"Dim.": "2D",
		"Atributos": [{
			"Atributo": "identificador",
			"Multip.": "1",
			"Definição": "Identificador unívoco - Universal Unique Identifier gerado através da função uuid_generate_v1mc().",
			"Tipo": "UUID",
			"D1": "x",
			"D2": "x"
		}, {
			"Atributo": "inicioObjeto",
			"Multip.": "1",
			"Definição": "Data e hora (hora:minuto:segundo) em que a versão em causa do “objeto” foi inserida ou alterada.",
			"Tipo": "DataTempo",
			"D1": "x",
			"D2": "x"
		}, {
			"Atributo": "fimObjeto",
			"Multip.": "[0..1]",
			"Definição": "Data e hora (hora:minuto:segundo) em que a versão em causa do “objeto” foi substituída.",
			"Tipo": "DataTempo",
			"D1": "",
			"D2": ""
		}, {
			"Atributo": "geometria",
			"Multip.": "1",
			"Tipo": "Geometria (multipolígono)",
			"D1": "x",
			"D2": "x",
			"Definição": ""
		},{
			"Atributo": "dataPublicacao",
			"Multip.": "1",
			"Tipo": "Data",
			"D1": "x",
			"D2": "x",
			"Definição": "Data da publicação da Carta Administrativa Oficial de Portugal em vigor."
		}, {
			"Atributo": "di",
			"Multip.": "1",
			"Tipo": "Texto",
			"D1": "x",
			"D2": "x",
			"Definição": "Código do distrito."
		}, {
			"Atributo": "nome",
			"Multip.": "1",
			"Tipo": "Texto",
			"D1": "x",
			"D2": "x",
			"Definição": "Topónimo do distrito."
		}],
		"listas de códigos": []
	}
}
