{
	"objecto": {
		"Tema": "INFRAESTRUTURAS E SERVIÇOS DE INTERESSE PÚBLICO",
		"Característica geográfica": "Elemento associado de água",
		"Objeto INSPIRE": "",
		"objeto": "ElemAssocAgua",
		"Definição": "Infraestrutura associada ao tratamento, transporte ou distribuição de água.",
		"Dim.": "2D",
		"Atributos": [{
			"Atributo": "identificador",
			"Multip.": "1",
			"Definição": "Identificador unívoco - Universal Unique Identifier gerado através da função uuid_generate_v1mc().",
			"Tipo": "UUID",
			"D1": "x",
			"D2": "x"
		}, {
			"Atributo": "inicioObjeto",
			"Multip.": "1",
			"Definição": "Data e hora (hora:minuto:segundo) em que a versão em causa do “objeto” foi inserida ou alterada.",
			"Tipo": "DataTempo",
			"D1": "x",
			"D2": "x"
		}, {
			"Atributo": "fimObjeto",
			"Multip.": "[0..1]",
			"Definição": "Data e hora (hora:minuto:segundo) em que a versão em causa do “objeto” foi substituída.",
			"Tipo": "DataTempo",
			"D1": "",
			"D2": ""
		}, {
			"Atributo": "geometria",
			"Multip.": "1",
			"Tipo": "Geometria (ponto; polígono)",
			"D1": "x",
			"D2": "x",
			"Definição": ""
		}, {
			"Atributo": "valorElementoAssociadoAgua",
			"Multip.": "1",
			"Tipo": "Lista de códigos",
			"D1": "x",
			"D2": "x",
			"Definição": "Classificação de elementos associados de redes de água."
		}],
		"listas de códigos": [{
			"nome": "valorElementoAssociadoAgua",
			"valores": [{
				"Valores": "1",
				"Descrição": "Marco de incêndio",
				"Valores INSPIRE": "hydrant",
				"D1": "",
				"D2": "",
				"Definição": "Equipamento normalmente instalado na rede pública de abastecimento de água, também designado por marco de água, que permite a ligação de equipamentos de luta contra incêndios e o reabastecimento dos veículos dos bombeiros."
			}, {
				"Valores": "2",
				"Descrição": "Estação elevatória",
				"Valores INSPIRE": "pump station",
				"D1": "x",
				"D2": "x",
				"Definição": "Instalação dotada de equipamentos de bombagem destinados a receber e distribuir água."
			}, {
				"Valores": "3",
				"Descrição": "Estação de tratamento",
				"Valores INSPIRE": "treatment plant",
				"D1": "x",
				"D2": "x",
				"Definição": "Instalação destinada ao tratamento de água."
			}, {
				"Valores": "4",
				"Descrição": "Fonte",
				"Valores INSPIRE": "fountain",
				"D1": "x",
				"D2": "x",
				"Definição": "Construção feita geralmente de pedra provida de uma ou mais bicas ou torneiras por onde corre água (inclui chafariz, fontanário ou bica)."
			}, {
				"Valores": "5",
				"Descrição": "Poço",
				"Valores INSPIRE": "well",
				"D1": "x",
				"D2": "x",
				"Definição": "Perfuração vertical, geralmente cilíndrica, normalmente revestida a alvenaria ou pedras sobrepostas, e orientada para a deteção e exploração do lençol de água mais perto da superfície do solo."
			}, {
				"Valores": "6",
				"Descrição": "Furo",
				"Valores INSPIRE": "",
				"D1": "",
				"D2": "",
				"Definição": "Perfuração destinada à captação de água a grande profundidade."
			}, {
				"Valores": "7",
				"Descrição": "Reservatório de água",
				"Valores INSPIRE": "clearwell",
				"D1": "x",
				"D2": "x",
				"Definição": "Construção, elevada ou à superfície, utilizada como depósito de água."
			}, {
				"Valores": "8",
				"Descrição": "Nora",
				"Valores INSPIRE": "",
				"D1": "x",
				"D2": "x",
				"Definição": "Engenho ou aparelho para retirar água de poços ou cisternas, constituído por uma roda com pequenos reservatórios ou alcatruzes."
			}, {
				"Valores": "9",
				"Descrição": "Estrutura de captação de água",
				"Valores INSPIRE": "",
				"D1": "x",
				"D2": "x",
				"Definição": "Infraestrutura destinada à captação de água de um curso de água ou de uma “Água lêntica”."
			}, {
				"Valores": "10",
				"Descrição": "Câmara de visita",
				"Valores INSPIRE": "",
				"D1": "",
				"D2": "",
				"Definição": "Compartimento que permite aceder à conduta ou à tubagem de rede de águas pluviais ou de esgotos."
			}, {
				"Valores": "11",
				"Descrição": "Sumidouro",
				"Valores INSPIRE": "water exhaust point",
				"D1": "",
				"D2": "",
				"Definição": "Escoadouro nas ruas para as águas, geralmente da chuva, que pode estar associado a um lancil ou a uma valeta, cuja entrada de caudal é feita superiormente, através de grade."
			}, {
				"Valores": "12",
				"Descrição": "Sarjeta",
				"Valores INSPIRE": "water exhaust point",
				"D1": "",
				"D2": "",
				"Definição": "Escoadouro nas ruas para as águas, geralmente da chuva, entrarem por uma abertura lateral, localizada na face vertical do lancil sob o passeio."
			}]
		}]
	}
}
