{
	"objecto": {
		"Tema": "INFRAESTRUTURAS E SERVIÇOS DE INTERESSE PÚBLICO",
		"Característica geográfica": "Elemento associado de telecomunicações",
		"Objeto INSPIRE": "",
		"objeto": "ElemAssocTelecomunicacoes",
		"Definição": "Infraestrutura associada ao funcionamento da rede de telecomunicações.",
		"Dim.": "2D",
		"Atributos": [{
			"Atributo": "identificador",
			"Multip.": "1",
			"Definição": "Identificador unívoco - Universal Unique Identifier gerado através da função uuid_generate_v1mc().",
			"Tipo": "UUID",
			"D1": "x",
			"D2": "x"
		}, {
			"Atributo": "inicioObjeto",
			"Multip.": "1",
			"Definição": "Data e hora (hora:minuto:segundo) em que a versão em causa do “objeto” foi inserida ou alterada.",
			"Tipo": "DataTempo",
			"D1": "x",
			"D2": "x"
		}, {
			"Atributo": "fimObjeto",
			"Multip.": "[0..1]",
			"Definição": "Data e hora (hora:minuto:segundo) em que a versão em causa do “objeto” foi substituída.",
			"Tipo": "DataTempo",
			"D1": "",
			"D2": ""
		}, {
			"Atributo": "geometria",
			"Multip.": "1",
			"Tipo": "Geometria (ponto)",
			"D1": "x",
			"D2": "x",
			"Definição": ""
		}, {
			"Atributo": "valorElementoAssociadoTelecomunicacoes",
			"Multip.": "1",
			"Tipo": "Lista de códigos",
			"D1": "x",
			"D2": "x",
			"Definição": "Tipo de elemento associado às telecomunicações."
		}],
		"listas de códigos": [{
			"nome": "valorElementoAssociadoTelecomunicacoes",
			"valores": [{
				"Valores": "1",
				"Descrição": "Poste telefónico",
				"Valores INSPIRE": "",
				"D1": "x",
				"D2": "",
				"Definição": "Haste vertical colocada no solo ou fixada em alvenaria, de suporte das linhas telefónicas."
			}, {
				"Valores": "2",
				"Descrição": "Cabina telefónica",
				"Valores INSPIRE": "",
				"D1": "",
				"D2": "",
				"Definição": "Pequena construção ou compartimento isolado para proteção do utente no uso de telefone público."
			}, {
				"Valores": "3",
				"Descrição": "Antena",
				"Valores INSPIRE": "",
				"D1": "x",
				"D2": "x",
				"Definição": "Estrutura, sobre o solo ou no topo dos edifícios, destinada às comunicações por meio da captação e irradiação de ondas eletromagnéticas ou radielétricas."
			}]
		}]
	}
}
