{
	"objecto": {
		"Tema": "INFRAESTRUTURAS E SERVIÇOS DE INTERESSE PÚBLICO",
		"Característica geográfica": "Elemento associado de electricidade",
		"Objeto INSPIRE": "",
		"objeto": "ElemAssocEletricidade",
		"Definição": "Infraestrutura associada à transformação e distribuição de energia elétrica.",
		"Dim.": "2D",
		"Atributos": [{
			"Atributo": "identificador",
			"Multip.": "1",
			"Definição": "Identificador unívoco - Universal Unique Identifier gerado através da função uuid_generate_v1mc().",
			"Tipo": "UUID",
			"D1": "x",
			"D2": "x"
		}, {
			"Atributo": "inicioObjeto",
			"Multip.": "1",
			"Definição": "Data e hora (hora:minuto:segundo) em que a versão em causa do “objeto” foi inserida ou alterada.",
			"Tipo": "DataTempo",
			"D1": "x",
			"D2": "x"
		}, {
			"Atributo": "fimObjeto",
			"Multip.": "[0..1]",
			"Definição": "Data e hora (hora:minuto:segundo) em que a versão em causa do “objeto” foi substituída.",
			"Tipo": "DataTempo",
			"D1": "",
			"D2": ""
		}, {
			"Atributo": "geometria",
			"Multip.": "1",
			"Tipo": "Geometria (ponto; polígono)",
			"D1": "x",
			"D2": "x",
			"Definição": ""
		}, {
			"Atributo": "valorElementoAssociadoElectricidade",
			"Multip.": "1",
			"Tipo": "Lista de códigos",
			"D1": "x",
			"D2": "x",
			"Definição": "Classificação de elementos associados de redes de eletricidade."
		}],
		"listas de códigos": [{
			"nome": "valorElementoAssociadoElectricidade",
			"valores": [{
				"Valores": "1",
				"Descrição": "Central de produção elétrica",
				"Valores INSPIRE": "mainStation",
				"D1": "",
				"D2": "",
				"Definição": "Infraestrutura que contém instalação ou instalações de produção de energia."
			}, {
				"Valores": "1.1",
				"Descrição": "Central hidroelétrica",
				"Valores INSPIRE": "",
				"D1": "x",
				"D2": "x",
				"Definição": "Infraestrutura que contém uma instalação de produção elétrica a partir de uma barragem."
			}, {
				"Valores": "1.2",
				"Descrição": "Central fotovoltaica",
				"Valores INSPIRE": "",
				"D1": "x",
				"D2": "x",
				"Definição": "Infraestrutura que contém uma instalação de produção de energia elétrica a partir da radiação emitida pelo sol."
			}, {
				"Valores": "1.3",
				"Descrição": "Central eólica",
				"Valores INSPIRE": "",
				"D1": "x",
				"D2": "x",
				"Definição": "Infraestrutura que contém uma instalação de produção de energia elétrica a partir da energia cinética dos ventos."
			}, {
				"Valores": "1.4",
				"Descrição": "Central termoelétrica",
				"Valores INSPIRE": "",
				"D1": "x",
				"D2": "x",
				"Definição": "Infraestrutura que contém uma instalação de produção de energia elétrica a partir de energia libertada em forma de calor."
			}, {
				"Valores": "2",
				"Descrição": "Subestação elétrica",
				"Valores INSPIRE": "subStation",
				"D1": "x",
				"D2": "x",
				"Definição": "Instalação de rede elétrica onde confluem diversas linhas elétricas, dotada de equipamento de corte, seccionamento, medida, controlo, proteção e transformação de tensão."
			}, {
				"Valores": "3",
				"Descrição": "Aeromotor",
				"Valores INSPIRE": "",
				"D1": "x",
				"D2": "x",
				"Definição": "Engenho para produzir energia elétrica quando acionado pela energia do vento."
			}, {
				"Valores": "4",
				"Descrição": "Gerador eólico",
				"Valores INSPIRE": "",
				"D1": "x",
				"D2": "x",
				"Definição": "Equipamento de grande porte capaz de transformar a energia do vento em energia elétrica que é inserida diretamente na rede elétrica."
			}, {
				"Valores": "5",
				"Descrição": "Painel solar fotovoltaico",
				"Valores INSPIRE": "",
				"D1": "x",
				"D2": "",
				"Definição": "Equipamento utilizado para converter a energia solar em energia elétrica quando não estão sobre edifícios nem incluídos em centrais fotovoltaicas."
			}, {
				"Valores": "6",
				"Descrição": "Apoio de iluminação",
				"Valores INSPIRE": "streetLight",
				"D1": "",
				"D2": "",
				"Definição": "Estrutura de iluminação coincidente, ou não, com apoio de baixa tensão."
			}, {
				"Valores": "6.1",
				"Descrição": "Apoio isolado de iluminação",
				"Valores INSPIRE": "",
				"D1": "x",
				"D2": "",
				"Definição": "Haste vertical, colocada no solo ou fixada em alvenaria, para suporte de luminárias de iluminação da via pública."
			},{
				"Valores": "6.2",
				"Descrição": "Apoio de iluminação e baixa tensão",
				"Valores INSPIRE": "",
				"D1": "x",
				"D2": "",
				"Definição": "Estrutura metálica reticulada ou de betão que suporta os cabos condutores, os cabos de guarda, os isoladores e os acessórios de fixação das linhas elétricas de tensão até 1kV e que coincide com suporte de iluminação vertical da via pública."
			}, {
				"Valores": "7",
				"Descrição": "Apoio de eletricidade",
				"Valores INSPIRE": "",
				"D1": "",
				"D2": "",
				"Definição": "Elemento metálico ou de betão de uma linha aérea destinado a suportar os cabos condutores, os cabos de guarda, os isoladores e os acessórios de fixação."
			}, {
				"Valores": "7.1",
				"Descrição": "Apoio de alta tensão",
				"Valores INSPIRE": "",
				"D1": "x",
				"D2": "x",
				"Definição": "Estrutura metálica reticulada, tubular ou de betão que suporta os cabos condutores, os cabos de guarda, os isoladores e os acessórios de fixação das linhas elétricas de tensão superior a 45kV e menor ou igual a 110kV."
			}, {
				"Valores": "7.2",
				"Descrição": "Apoio de média tensão",
				"Valores INSPIRE": "",
				"D1": "x",
				"D2": "",
				"Definição": "Estrutura metálica reticulada, tubular ou de betão que suporta os cabos condutores, os cabos de guarda, os isoladores e os acessórios de fixação das linhas elétricas de tensão superior a 1kV e menor ou igual a 45kV."
			}, {
				"Valores": "7.3",
				"Descrição": "Apoio de baixa tensão",
				"Valores INSPIRE": "",
				"D1": "x",
				"D2": "",
				"Definição": "Estrutura metálica reticulada ou de betão que suporta os cabos condutores, os cabos de guarda, os isoladores e os acessórios de fixação das linhas elétricas de tensão até 1kV."
			}, {
				"Valores": "7.4",
				"Descrição": "Apoio de muito alta tensão",
				"Valores INSPIRE": "",
				"D1": "x",
				"D2": "x",
				"Definição": "Estrutura metálica reticulada ou tubular que suporta os cabos condutores, os cabos de guarda, os isoladores e os acessórios de fixação das linhas elétricas de tensão superior a 110kV."
			}, {
				"Valores": "8",
				"Descrição": "Posto transformador",
				"Valores INSPIRE": "transformer",
				"D1": "x",
				"D2": "x",
				"Definição": "Instalação ou equipamento sobre o solo, destinado à transformação da corrente elétrica."
			}, {
				"Valores": "9",
				"Descrição": "Posto de transformação aéreo",
				"Valores INSPIRE": "transformer",
				"D1": "x",
				"D2": "x",
				"Definição": "Instalação ou equipamento elevado sobre um apoio, destinado à transformação da corrente elétrica."
			}]
		}]
	}
}
