{
	"objecto": {
		"Tema": "UNIDADES ADMINISTRATIVAS",
		"Característica geográfica": "Fronteira",
		"Objeto INSPIRE": "",
		"objeto": "Fronteira",
		"Definição": "Linha que representa a fronteira de Portugal.",
		"Dim.": "2D",
		"Observações": "Este tema das unidades administrativas deve conter apenas a linha da fronteira de Portugal, caso exista e que se situe sobre a área de trabalho.",
		"Atributos": [{
			"Atributo": "identificador",
			"Multip.": "1",
			"Definição": "Identificador unívoco - Universal Unique Identifier gerado através da função uuid_generate_v1mc().",
			"Tipo": "UUID",
			"D1": "x",
			"D2": "x"
		}, {
			"Atributo": "inicioObjeto",
			"Multip.": "1",
			"Definição": "Data e hora (hora:minuto:segundo) em que a versão em causa do “objeto” foi inserida ou alterada.",
			"Tipo": "DataTempo",
			"D1": "x",
			"D2": "x"
		}, {
			"Atributo": "fimObjeto",
			"Multip.": "[0..1]",
			"Definição": "Data e hora (hora:minuto:segundo) em que a versão em causa do “objeto” foi substituída.",
			"Tipo": "DataTempo",
			"D1": "",
			"D2": ""
		}, {
			"Atributo": "geometria",
			"Multip.": "1",
			"Tipo": "Geometria (linha)",
			"D1": "x",
			"D2": "x",
			"Definição": ""
		}, {
			"Atributo": "valorEstadoFronteira",
			"Multip.": "1",
			"Tipo": "Lista de códigos",
			"D1": "x",
			"D2": "x",
			"Definição": "Descrição do estado de aceitação oficial da linha de fronteira."
		}, {
			"Atributo": "dataPublicacao",
			"Multip.": "1",
			"Tipo": "Data",
			"D1": "x",
			"D2": "x",
			"Definição": "Data da publicação da Carta Administrativa Oficial de Portugal em vigor."
		}],
		"listas de códigos": [{
			"nome": "valorEstadoFronteira",
			"valores": [{
				"Valores": "1",
				"Descrição": "Definido",
				"Valores INSPIRE": "",
				"D1": "x",
				"D2": "x",
				"Definição": "Troço obtido a partir de procedimentos realizados para o efeito."
			}, {
				"Valores": "2",
				"Descrição": "Por acordar",
				"Valores INSPIRE": "",
				"D1": "x",
				"D2": "x",
				"Definição": "Troço não acordado entre Portugal e Espanha."
			}]
		}]
	}
}
