{
	"objecto": {
		"Tema": "TRANSPORTES (Transporte por via navegável)",
		"Característica geográfica": "Infraestrutura de transporte por via navegável",
		"Objeto INSPIRE": "",
		"objeto": "InfraTransViaNavegavel",
		"Definição": "Ponto que caracteriza a infraestrutura de transporte por via navegável.",
		"Dim.": "2D",
		"Atributos": [{
			"Atributo": "identificador",
			"Multip.": "1",
			"Definição": "Identificador unívoco - Universal Unique Identifier gerado através da função uuid_generate_v1mc().",
			"Tipo": "UUID",
			"D1": "x",
			"D2": "x"
		}, {
			"Atributo": "inicioObjeto",
			"Multip.": "1",
			"Definição": "Data e hora (hora:minuto:segundo) em que a versão em causa do “objeto” foi inserida ou alterada.",
			"Tipo": "DataTempo",
			"D1": "x",
			"D2": "x"
		}, {
			"Atributo": "fimObjeto",
			"Multip.": "[0..1]",
			"Definição": "Data e hora (hora:minuto:segundo) em que a versão em causa do “objeto” foi substituída.",
			"Tipo": "DataTempo",
			"D1": "",
			"D2": ""
		}, {
			"Atributo": "geometria",
			"Multip.": "1",
			"Tipo": "Geometria (ponto)",
			"D1": "x",
			"D2": "x",
			"Definição": ""
		}, {
			"Atributo": "valorTipoInfraTransViaNavegavel",
			"Multip.": "1",
			"Tipo": "Lista de códigos",
			"D1": "x",
			"D2": "x",
			"Definição": "Tipo de infraestrutura."
		}, {
			"Atributo": "codigoViaNavegavel",
			"Multip.": "1",
			"Tipo": "Texto",
			"D1": "",
			"D2": "",
			"Definição": "Código ISPS (International Ships and Ports Security), adotado pela Organização Maritima Internacional. Apenas aplicável aos portos."
		}, {
			"Atributo": "nome",
			"Multip.": "1",
			"Tipo": "Texto",
			"D1": "x",
			"D2": "x",
			"Definição": "Nome da infraestrutura."
		}],
		"listas de códigos": [{
			"nome": "valorTipoInfraTransViaNavegavel",
			"valores": [{
				"Valores": "1",
				"Descrição": "Porto",
				"Valores INSPIRE": "",
				"D1": "x",
				"D2": "x",
				"Definição": "Local na costa, rio ou lago que dispõe de um conjunto de infraestruturas e de serviços, incluindo os de logística, de suporte ao comercio marítimo, pesca, transporte de passageiros, náutica de recreio, maritímo-turistíca, desportos náuticos, e, ainda de bases navais militares."
			}, {
				"Valores": "2",
				"Descrição": "Cais",
				"Valores INSPIRE": "",
				"D1": "x",
				"D2": "x",
				"Definição": "Estrutura junto da qual os navios procedem à acostagem a fim de efetuarem operações de embarque e desembarque de passageiros ou mercadorias."
			}, {
				"Valores": "3",
				"Descrição": "Doca",
				"Valores INSPIRE": "",
				"D1": "x",
				"D2": "x",
				"Definição": "Local dotado de cais acostáveis para navios e embarcações (inclui marinas)."
			}]
		}]
	}
}
