{
	"objecto": {
		"Tema": "TRANSPORTES (Transporte rodoviário)",
		"Característica geográfica": "Infraestrutura de transporte rodoviário",
		"Objeto INSPIRE": "RoadNode",
		"objeto": "InfraTransRodov",
		"Definição": "Ponto que caracteriza a infraestrutura de transporte rodoviário.",
		"Dim.": "2D",
		"Atributos": [{
			"Atributo": "identificador",
			"Multip.": "1",
			"Definição": "Identificador unívoco - Universal Unique Identifier gerado através da função uuid_generate_v1mc().",
			"Tipo": "UUID",
			"D1": "x",
			"D2": "x"
		}, {
			"Atributo": "inicioObjeto",
			"Multip.": "1",
			"Definição": "Data e hora (hora:minuto:segundo) em que a versão em causa do “objeto” foi inserida ou alterada.",
			"Tipo": "DataTempo",
			"D1": "x",
			"D2": "x"
		}, {
			"Atributo": "fimObjeto",
			"Multip.": "[0..1]",
			"Definição": "Data e hora (hora:minuto:segundo) em que a versão em causa do “objeto” foi substituída.",
			"Tipo": "DataTempo",
			"D1": "",
			"D2": ""
		}, {
			"Atributo": "geometria",
			"Multip.": "1",
			"Tipo": "Geometria (ponto)",
			"D1": "x",
			"D2": "x",
			"Definição": ""
		}, {
			"Atributo": "valorTipoInfraTransRodov",
			"Multip.": "1",
			"Tipo": "Lista de códigos",
			"D1": "x",
			"D2": "x",
			"Definição": "Tipo de infraestrutura rodoviária."
		}, {
			"Atributo": "valorTipoServico",
			"Multip.": "[1..*]",
			"Tipo": "Lista de códigos",
			"D1": "x",
			"D2": "x",
			"Definição": "Tipo de serviços prestados."
		}, {
			"Atributo": "nome",
			"Multip.": "[0..1]",
			"Tipo": "Texto",
			"D1": "x",
			"D2": "x",
			"Definição": "Nome da infraestrutura de transporte rodoviário."
		}],
		"listas de códigos": [{
			"nome": "valorTipoInfraTransRodov",
			"valores": [{
				"Valores": "1",
				"Descrição": "Local de paragem",
				"Valores INSPIRE": "busStation",
				"D1": "x",
				"D2": "",
				"Definição": "Local de paragem de uma linha de transporte rodoviário."
			}, {
				"Valores": "2",
				"Descrição": "Terminal",
				"Valores INSPIRE": "busStation",
				"D1": "x",
				"D2": "x",
				"Definição": "Instalação onde funciona o término de uma linha de transporte rodoviário."
			}, {
				"Valores": "3",
				"Descrição": "Parqueamento",
				"Valores INSPIRE": "parking",
				"D1": "x",
				"D2": "",
				"Definição": "Local destinado ao estacionamento de veículos."
			}, {
				"Valores": "4",
				"Descrição": "Parque de estacionamento",
				"Valores INSPIRE": "parking",
				"D1": "x",
				"D2": "x",
				"Definição": "Área delimitada ao ar livre para guardar temporariamente veículos, em geral mediante pagamento."
			}, {
				"Valores": "5",
				"Descrição": "Portagem",
				"Valores INSPIRE": "toll",
				"D1": "x",
				"D2": "x",
				"Definição": "Zona da via rodoviária destinada à cobrança manual ou automática de taxas de portagem (cabines de portagens tradicionais, ou pórticos - exclusivamente eletrónicas)."
			}, {
				"Valores": "6",
				"Descrição": "Área de repouso",
				"Valores INSPIRE": "restArea",
				"D1": "x",
				"D2": "x",
				"Definição": "O espaço marginal à via rodoviária, podendo ser provido de sombreamento, iluminação, água potável, mesas e bancos ao ar livre, estacionamento para veículos ligeiros e pesados, instalações sanitárias, recolha de lixo e outros equipamentos de apoio aos utilizadores."
			}, {
				"Valores": "7",
				"Descrição": "Área de serviço",
				"Valores INSPIRE": "restArea",
				"D1": "x",
				"D2": "x",
				"Definição": "Instalação associada a uma via rodoviária e que inclui equipamentos e meios destinados ao fornecimento de combustível e energia e eventual apoio aos utilizadores e aos veículos."
			}, {
				"Valores": "8",
				"Descrição": "Posto de abastecimento de combustíveis",
				"Valores INSPIRE": "",
				"D1": "x",
				"D2": "x",
				"Definição": "Instalação marginal à via rodoviária contendo equipamentos destinados ao fornecimento de combustíveis e energia."
			}]
		}, {
			"nome": "valorTipoServico",
			"valores": [{
				"Valores": "1",
				"Descrição": "Abastecimento de combustível",
				"Valores INSPIRE": "fuel",
				"D1": "x",
				"D2": "x",
				"Definição": "Combustível disponível (gasolina, gasóleo, etc.)."
			}, {
				"Valores": "2",
				"Descrição": "Carregamento elétrico",
				"Valores INSPIRE": "fuel",
				"D1": "x",
				"D2": "x",
				"Definição": "Carregamento elétrico disponível."
			}, {
				"Valores": "3",
				"Descrição": "Loja de conveniência ",
				"Valores INSPIRE": "shop",
				"D1": "x",
				"D2": "x",
				"Definição": "Loja de conveniência disponível."
			}, {
				"Valores": "4",
				"Descrição": "Restauração",
				"Valores INSPIRE": "drinks / food",
				"D1": "x",
				"D2": "x",
				"Definição": "Restauração disponível."
			}, {
				"Valores": "5",
				"Descrição": "Estacionamento",
				"Valores INSPIRE": "",
				"D1": "x",
				"D2": "x",
				"Definição": "Estacionamento para veículos ligeiros disponível."
			}, {
				"Valores": "6",
				"Descrição": "Estacionamento para veículos pesados",
				"Valores INSPIRE": "",
				"D1": "x",
				"D2": "x",
				"Definição": "Estacionamento para veículos pesados disponível."
			}, {
				"Valores": "7",
				"Descrição": "Estacionamento para caravanas",
				"Valores INSPIRE": "",
				"D1": "",
				"D2": "",
				"Definição": "Estacionamento para caravanas disponível."
			}, {
				"Valores": "8",
				"Descrição": "Apoio automóvel",
				"Valores INSPIRE": "",
				"D1": "",
				"D2": "",
				"Definição": "Apoio automóvel disponível (inclui oficinas, serviços de lavagem, etc.)."
			}, {
				"Valores": "9",
				"Descrição": "Parque infantil",
				"Valores INSPIRE": "playground",
				"D1": "",
				"D2": "",
				"Definição": "Parque infantil disponível."
			}, {
				"Valores": "10",
				"Descrição": "Instalações sanitárias",
				"Valores INSPIRE": "toilets",
				"D1": "",
				"D2": "",
				"Definição": "Instalações sanitárias disponíveis."
			}, {
				"Valores": "11",
				"Descrição": "Duche",
				"Valores INSPIRE": "",
				"D1": "",
				"D2": "",
				"Definição": "Duche disponível."
			}, {
				"Valores": "12",
				"Descrição": "Área de piquenique",
				"Valores INSPIRE": "picnicArea",
				"D1": "",
				"D2": "",
				"Definição": "Área de piquenique disponível."
			}, {
				"Valores": "995",
				"Descrição": "Não aplicável",
				"Valores INSPIRE": "notApplicable",
				"D1": "x",
				"D2": "x",
				"Definição": ""
			}]
		}]
	}
}
