{
	"objecto": {
		"Tema": "TRANSPORTES (Transporte aéreo)",
		"Característica geográfica": "Infraestrutura de transporte aéreo",
		"Objeto INSPIRE": "AerodromeNode",
		"objeto": "InfraTransAereo",
		"Definição": "Ponto que caracteriza a infraestrutura de transporte aéreo.",
		"Dim.": "2D",
		"Atributos": [{
			"Atributo": "identificador",
			"Multip.": "1",
			"Definição": "Identificador unívoco - Universal Unique Identifier gerado através da função uuid_generate_v1mc().",
			"Tipo": "UUID",
			"D1": "x",
			"D2": "x"
		}, {
			"Atributo": "inicioObjeto",
			"Multip.": "1",
			"Definição": "Data e hora (hora:minuto:segundo) em que a versão em causa do “objeto” foi inserida ou alterada.",
			"Tipo": "DataTempo",
			"D1": "x",
			"D2": "x"
		}, {
			"Atributo": "fimObjeto",
			"Multip.": "[0..1]",
			"Definição": "Data e hora (hora:minuto:segundo) em que a versão em causa do “objeto” foi substituída.",
			"Tipo": "DataTempo",
			"D1": "",
			"D2": ""
		}, {
			"Atributo": "geometria",
			"Multip.": "1",
			"Tipo": "Geometria (ponto)",
			"D1": "x",
			"D2": "x",
			"Definição": ""
		}, {
			"Atributo": "valorCategoriaInfraTransAereo",
			"Multip.": "1",
			"Tipo": "Lista de códigos",
			"D1": "x",
			"D2": "x",
			"Definição": "Categoria da infraestrutura de transporte aéreo."
		}, {
			"Atributo": "valorRestricaoInfraTransAereo",
			"Multip.": "[0..1]",
			"Tipo": "Lista de códigos",
			"D1": "x",
			"D2": "x",
			"Definição": "Restrição de utilização aérea."
		}, {
			"Atributo": "valorTipoInfraTransAereo",
			"Multip.": "1",
			"Tipo": "Lista de códigos",
			"D1": "x",
			"D2": "x",
			"Definição": "Tipo de infraestrutura de transporte aéreo."
		}, {
			"Atributo": "codigoIATA",
			"Multip.": "1",
			"Tipo": "Texto",
			"D1": "",
			"D2": "",
			"Definição": "Código IATA (nternational Air Transport Association)."
		}, {
			"Atributo": "codigoICAO",
			"Multip.": "1",
			"Tipo": "Texto",
			"D1": "",
			"D2": "",
			"Definição": "Código ICAO (International Civil Aviation Organization)."
		}, {
			"Atributo": "nome",
			"Multip.": "[0..1]",
			"Tipo": "Texto",
			"D1": "x",
			"D2": "x",
			"Definição": "Nome da infraestrutura de transporte aéreo."
		}],
		"listas de códigos": [{
			"nome": "valorCategoriaInfraTransAereo",
			"valores": [{
				"Valores": "1",
				"Descrição": "Internacional",
				"Valores INSPIRE": "international",
				"D1": "x",
				"D2": "x",
				"Definição": "Aeródromo que presta serviços de transporte aéreo internacionais."
			}, {
				"Valores": "2",
				"Descrição": "Nacional",
				"Valores INSPIRE": "domesticNational",
				"D1": "x",
				"D2": "x",
				"Definição": "Aeródromo que presta serviços de transporte aéreo nacionais."
			}, {
				"Valores": "3",
				"Descrição": "Regional",
				"Valores INSPIRE": "domesticRegional",
				"D1": "x",
				"D2": "x",
				"Definição": "Aeródromo que presta serviços de transporte aéreo regionais."
			}]
		}, {
			"nome": "valorRestricaoInfraTransAereo",
			"valores": [{
				"Valores": "1",
				"Descrição": "Fins exclusivamente militares",
				"Valores INSPIRE": "reservedForMilitary",
				"D1": "x",
				"D2": "x",
				"Definição": "Infraestrutura destinada exclusivamente para fins militares."
			}, {
				"Valores": "2",
				"Descrição": "Restrições temporais",
				"Valores INSPIRE": "temporalRestrictions",
				"D1": "",
				"D2": "",
				"Definição": "A infraestrutura está sujeita a restrições temporais."
			}, {
				"Valores": "995",
				"Descrição": "Não aplicável",
				"Valores INSPIRE": "notApplicable",
				"D1": "x",
				"D2": "x",
				"Definição": ""
			}]
		}, {
			"nome": "valorTipoInfraTransAereo",
			"valores": [{
				"Valores": "1",
				"Descrição": "Aeródromo",
				"Valores INSPIRE": "aerodromeOnly",
				"D1": "x",
				"D2": "x",
				"Definição": "Área definida em terra ou na água, incluindo edifícios, instalações e equipamentos, destinada a ser usada no todo ou em parte para a chegada, partida e movimento de aeronaves."
			}, {
				"Valores": "2",
				"Descrição": "Heliporto",
				"Valores INSPIRE": "heliportOnly",
				"D1": "x",
				"D2": "x",
				"Definição": "Aeródromo ou área definida numa estrutura com vista a ser usada, no todo ou em parte, para a chegada, partida e movimentos à superfície de helicópteros e respetivos serviços de apoio."
			}, {
				"Valores": "3",
				"Descrição": "Aeródromo com heliporto",
				"Valores INSPIRE": "aerodromeHeliport",
				"D1": "x",
				"D2": "x",
				"Definição": "Aeródromo com heliporto. "
			}, {
				"Valores": "4",
				"Descrição": "Local de aterragem",
				"Valores INSPIRE": "landingSite",
				"D1": "x",
				"D2": "x",
				"Definição": "Área sem infraestruturas de apoio associadas que permite a descolagem e a aterragem de aeronaves (aviões, helicópteros, etc.)."
			}]
		}]
	}
}
