{
	"objecto": {
		"Tema": "INFRAESTRUTURAS E SERVIÇOS DE INTERESSE PÚBLICO",
		"Característica geográfica": "Instalação de gestão ambiental",
		"Objeto INSPIRE": "EnvironmentalManagementFacility",
		"objeto": "InstGestaoAmbiental",
		"Definição": "Infraestrutura de gestão de resíduos ou águas residuais.",
		"Dim.": "-",
		"Atributos": [{
			"Atributo": "identificador",
			"Multip.": "1",
			"Definição": "Identificador unívoco - Universal Unique Identifier gerado através da função uuid_generate_v1mc().",
			"Tipo": "UUID",
			"D1": "x",
			"D2": "x"
		}, {
			"Atributo": "inicioObjeto",
			"Multip.": "1",
			"Definição": "Data e hora (hora:minuto:segundo) em que a versão em causa do “objeto” foi inserida ou alterada.",
			"Tipo": "DataTempo",
			"D1": "x",
			"D2": "x"
		}, {
			"Atributo": "fimObjeto",
			"Multip.": "[0..1]",
			"Definição": "Data e hora (hora:minuto:segundo) em que a versão em causa do “objeto” foi substituída.",
			"Tipo": "DataTempo",
			"D1": "",
			"D2": ""
		}, {
			"Atributo": "valorInstalacaoDeGestaoAmbiental",
			"Multip.": "1",
			"Tipo": "Lista de códigos",
			"D1": "x",
			"D2": "x",
			"Definição": "Caracterização da instalação de gestão ambiental."
		}, {
			"Atributo": "nome",
			"Multip.": "1",
			"Tipo": "Texto",
			"D1": "x",
			"D2": "x",
			"Definição": "Topónimo utilizado para identificar o objeto no mundo real."
		}],
		"listas de códigos": [{
			"nome": "valorInstalacaoDeGestaoAmbiental",
			"valores": [{
				"Valores": "1",
				"Descrição": "Resíduos sólidos",
				"Valores INSPIRE": "",
				"D1": "x",
				"D2": "x",
				"Definição": "Instalação para depósito e tratamento de resíduos sólidos."
			}, {
				"Valores": "2",
				"Descrição": "Resíduos líquidos",
				"Valores INSPIRE": "",
				"D1": "x",
				"D2": "x",
				"Definição": "Instalação para depósito tratamento de resíduos líquidos."
			}, {
				"Valores": "3",
				"Descrição": "Resíduos industriais",
				"Valores INSPIRE": "",
				"D1": "x",
				"D2": "x",
				"Definição": "Instalação para depósito tratamento de resíduos industriais."
			}, {
				"Valores": "4",
				"Descrição": "Resíduos tóxicos",
				"Valores INSPIRE": "",
				"D1": "x",
				"D2": "x",
				"Definição": "Instalação para depósito tratamento de resíduos tóxicos."
			}]
		}]
	}
}
