{
	"objecto": {
		"Tema": "INFRAESTRUTURAS E SERVIÇOS DE INTERESSE PÚBLICO",
		"Característica geográfica": "Instalação de produção",
		"Objeto INSPIRE": "ProductionFacility",
		"objeto": "InstProducao",
		"Definição": "Instalação técnica para fins específicos industriais ou de produção, compreendendo todos os equipamentos.",
		"Dim.": "-",
		"Atributos": [{
			"Atributo": "identificador",
			"Multip.": "1",
			"Definição": "Identificador unívoco - Universal Unique Identifier gerado através da função uuid_generate_v1mc().",
			"Tipo": "UUID",
			"D1": "x",
			"D2": "x"
		}, {
			"Atributo": "inicioObjeto",
			"Multip.": "1",
			"Definição": "Data e hora (hora:minuto:segundo) em que a versão em causa do “objeto” foi inserida ou alterada.",
			"Tipo": "DataTempo",
			"D1": "x",
			"D2": "x"
		}, {
			"Atributo": "fimObjeto",
			"Multip.": "[0..1]",
			"Definição": "Data e hora (hora:minuto:segundo) em que a versão em causa do “objeto” foi substituída.",
			"Tipo": "DataTempo",
			"D1": "",
			"D2": ""
		}, {
			"Atributo": "valorInstalacaoProducao",
			"Multip.": "1",
			"Tipo": "Lista de códigos",
			"D1": "x",
			"D2": "x",
			"Definição": "Tipo de instalação de produção"
		}, {
			"Atributo": "descricaoDaFuncao",
			"Multip.": "1",
			"Tipo": "Texto",
			"D1": "",
			"D2": "",
			"Definição": "Descrição detalhada da função."
		}, {
			"Atributo": "nome",
			"Multip.": "1",
			"Tipo": "Texto",
			"D1": "x",
			"D2": "x",
			"Definição": "Topónimo utilizado para identificar o objeto no mundo real."
		}],
		"listas de códigos": [{
			"nome": "valorInstalacaoProducao",
			"valores": [{
				"Valores": "1",
				"Descrição": "Pecuária",
				"Valores INSPIRE": "",
				"D1": "",
				"D2": "x",
				"Definição": "Instalação ou edifício onde é exercida uma atividade pecuária"
			}, {
				"Valores": "1.1",
				"Descrição": "Vacaria",
				"Valores INSPIRE": "",
				"D1": "x",
				"D2": "",
				"Definição": "Instalação ou edifício onde é exercida uma atividade pecuária relacionada com exploração, reprodução e recriação de gado bovino."
			}, {
				"Valores": "1.2",
				"Descrição": "Suinicultura",
				"Valores INSPIRE": "",
				"D1": "x",
				"D2": "",
				"Definição": "Instalação ou edifício onde é exercida uma atividade pecuária relacionada com exploração, reprodução e recriação de gado suíno."
			}, {
				"Valores": "1.3",
				"Descrição": "Aviário",
				"Valores INSPIRE": "",
				"D1": "x",
				"D2": "",
				"Definição": "Instalação ou edifício onde é exercida uma atividade pecuária relacionada com exploração, reprodução e recriação de aves."
			}, {
				"Valores": "1.4",
				"Descrição": "Matadouro",
				"Valores INSPIRE": "",
				"D1": "x",
				"D2": "",
				"Definição": "Edifício onde se abatem animais cuja carne é para consumo público."
			}, {
				"Valores": "2",
				"Descrição": "Adega",
				"Valores INSPIRE": "",
				"D1": "x",
				"D2": "",
				"Definição": "Instalação ou edifício onde é exercida a atividade de vinificação relacionada com a transformação da uva em vinho e a conservação, acondicionamento e comercialização de vinhos."
			}, {
				"Valores": "3",
				"Descrição": "Lagar de azeite",
				"Valores INSPIRE": "",
				"D1": "x",
				"D2": "",
				"Definição": "Instalação ou edifício onde é exercida a atividade relacionada com a transformação da azeitona em azeite."
			}, {
				"Valores": "4",
				"Descrição": "Indústria extrativa",
				"Valores INSPIRE": "",
				"D1": "",
				"D2": "",
				"Definição": "Instalação ou edifício onde são realizadas atividades relacionadas de minerais ou rochas."
			}, {
				"Valores": "4.1",
				"Descrição": "Pedreira",
				"Valores INSPIRE": "",
				"D1": "x",
				"D2": "x",
				"Definição": "Área a céu aberto onde se extrai rochas ou massas minerais."
			}, {
				"Valores": "4.2",
				"Descrição": "Mina",
				"Valores INSPIRE": "",
				"D1": "x",
				"D2": "x",
				"Definição": "Área que delimita um conjunto de escavações e instalações destinadas à exploração de minérios ou outros produtos existentes no subsolo."
			}, {
				"Valores": "4.3",
				"Descrição": "Extração de inertes",
				"Valores INSPIRE": "",
				"D1": "",
				"D2": "",
				"Definição": "Extração de materiais em locais fluviais ou marítimos."
			}, {
				"Valores": "4.4",
				"Descrição": "Salina",
				"Valores INSPIRE": "",
				"D1": "x",
				"D2": "x",
				"Definição": "Terreno plano à beira do mar, de lago salgado ou de rio de água salgada, dividido em reservatórios nos quais se deposita o sal."
			}, {
				"Valores": "5",
				"Descrição": "Fábrica",
				"Valores INSPIRE": "",
				"D1": "x",
				"D2": "x",
				"Definição": "Edifício de estabelecimento industrial onde se procede à transformação ou conservação de matérias-primas e onde se obtêm ou fabricam produtos."
			}, {
				"Valores": "6",
				"Descrição": "Fábrica de materiais explosivos",
				"Valores INSPIRE": "",
				"D1": "x",
				"D2": "x",
				"Definição": "Edifício onde se fabricam materiais explosivos."
			}, {
				"Valores": "7",
				"Descrição": "Oficina",
				"Valores INSPIRE": "",
				"D1": "",
				"D2": "x",
				"Definição": "Lugar onde se exerce algum ofício."
			}, {
				"Valores": "7.1",
				"Descrição": "Oficina em geral",
				"Valores INSPIRE": "",
				"D1": "x",
				"D2": "",
				"Definição": "Edifício onde se encontram equipamentos ou máquinas para fabrico e reparação de objetos metálicos ou não, aparelhos, instrumentos, etc., incluindo carpintarias e serrações."
			}, {
				"Valores": "7.2",
				"Descrição": "Oficina de pirotecnia",
				"Valores INSPIRE": "",
				"D1": "x",
				"D2": "",
				"Definição": "Edifício ou área onde se fabricam materiais pirotécnicos."
			}, {
				"Valores": "7.3",
				"Descrição": "Oficina de reparação automóvel",
				"Valores INSPIRE": "",
				"D1": "x",
				"D2": "",
				"Definição": "Edifício onde se encontram equipamentos ou máquinas para reparação e substituição de peças de veículos automóveis ou outros ou onde se lavam esses veículos."
			}, {
				"Valores": "8",
				"Descrição": "Estaleiro",
				"Valores INSPIRE": "",
				"D1": "x",
				"D2": "x",
				"Definição": "Edifícios associados a áreas onde se constroem ou reparam embarcações."
			}, {
				"Valores": "9",
				"Descrição": "Armazém",
				"Valores INSPIRE": "",
				"D1": "x",
				"D2": "x",
				"Definição": "Edifício onde se arrecadam diversos tipos de produtos."
			}, {
				"Valores": "10",
				"Descrição": "Estação de emissão ou receção",
				"Valores INSPIRE": "",
				"D1": "x",
				"D2": "x",
				"Definição": "Edifício de apoio ao funcionamento das antenas destinadas às comunicações por meio da captação e irradiação de ondas eletromagnéticas ou radielétricas."
			}, {
				"Valores": "11",
				"Descrição": "Aquicultura",
				"Valores INSPIRE": "",
				"D1": "x",
				"D2": "x",
				"Definição": "Área com as instalações e exploração de culturas em águas marinhas, águas superficiais na proximidade da foz dos rios, que têm um caráter parcialmente salgado."
			}, {
				"Valores": "12",
				"Descrição": "Parque de sucata",
				"Valores INSPIRE": "",
				"D1": "x",
				"D2": "x",
				"Definição": "Área onde se depositam materiais de ferro velho e onde se compram e vendem esses materiais."
			}]
		}]
	}
}
