
{
	"objecto": {
		"Tema": "ALTIMETRIA",
		"Característica geográfica": "Linha de quebra",
		"Objeto INSPIRE": "BreakLine",
		"objeto": "LinhaDeQuebra",
		"Definição": "Linha crítica que descreve a forma de uma superfície altimétrica e indica uma descontinuidade no declive do terreno.",
		"Dim.": "3D",
		"Atributos": [{
			"Atributo": "identificador",
			"Multip.": "1",
			"Definição": "Identificador unívoco - Universal Unique Identifier gerado através da função uuid_generate_v1mc().",
			"Tipo": "UUID",
			"D1": "x",
			"D2": "x"
		}, {
			"Atributo": "inicioObjeto",
			"Multip.": "1",
			"Definição": "Data e hora (hora:minuto:segundo) em que a versão em causa do “objeto” foi inserida ou alterada.",
			"Tipo": "DataTempo",
			"D1": "x",
			"D2": "x"
		}, {
			"Atributo": "fimObjeto",
			"Multip.": "[0..1]",
			"Definição": "Data e hora (hora:minuto:segundo) em que a versão em causa do “objeto” foi substituída.",
			"Tipo": "DataTempo",
			"D1": "",
			"D2": ""
		}, {
			"Atributo": "geometria",
			"Multip.": "1",
			"Tipo": "Geometria (linha)",
			"D1": "x",
			"D2": "x",
			"Definição": ""
		}, {
			"Atributo": "valorClassifica",
			"Multip.": "1",
			"Tipo": "Lista de códigos",
			"D1": "x",
			"D2": "x",
			"Definição": "Caracterização da linha de quebra."
		}, {
			"Atributo": "valorNaturezaLinha",
			"Multip.": "1",
			"Tipo": "Lista de códigos",
			"D1": "x",
			"D2": "x",
			"Definição": "Identificação do tipo de linha de quebra."
		}, {
			"Atributo": "artificial",
			"Multip.": "1",
			"Tipo": "Booleano",
			"D1": "",
			"D2": "",
			"Definição": "Indica se a linha de quebra, que representa a descontinuidade altimétrica, é devida a uma construção artificial presente no terreno."
		}],
		"listas de códigos": [{
			"nome": "valorClassifica",
			"valores": [{
				"Valores": "1",
				"Descrição": "Base do declive",
				"Valores INSPIRE": "bottom of slope",
				"D1": "x",
				"D2": "x",
				"Definição": "Linha definidora do bordo inferior do terreno inclinado."
			}, {
				"Valores": "2",
				"Descrição": "Alteração no declive",
				"Valores INSPIRE": "change in slope",
				"D1": "",
				"D2": "",
				"Definição": "Linha ou local onde o gradiente altimétrico se altera."
			}, {
				"Valores": "3",
				"Descrição": "Linha de forma",
				"Valores INSPIRE": "formLine",
				"D1": "",
				"D2": "",
				"Definição": "Linha de rutura que representa uma orientação local em que a superfície altimétrica objeto de descrição apresenta o maior declive."
			}, {
				"Valores": "4",
				"Descrição": "Linha de talvegue",
				"Valores INSPIRE": "",
				"D1": "",
				"D2": "",
				"Definição": "Linha de reunião de duas vertentes do terreno com concavidade voltada para cima (pontos de menor cota)."
			}, {
				"Valores": "5",
				"Descrição": "Linha de cumeada",
				"Valores INSPIRE": "",
				"D1": "",
				"D2": "",
				"Definição": "Linha de reunião de duas vertentes do terreno com concavidade voltada para baixo (pontos de maior cota). Linha de festo."
			}, {
				"Valores": "6",
				"Descrição": "Topo do declive",
				"Valores INSPIRE": "top of slope",
				"D1": "x",
				"D2": "x",
				"Definição": "Linha definidora do bordo superior de terreno inclinado."
			}]
		}, {
			"nome": "valorNaturezaLinha",
			"valores": [{
				"Valores": "1",
				"Descrição": "Escarpado",
				"Valores INSPIRE": "",
				"D1": "x",
				"D2": "x",
				"Definição": "Linha definidora do bordo de terreno de elevada inclinação, quase a pique."
			}, {
				"Valores": "2",
				"Descrição": "Talude",
				"Valores INSPIRE": "",
				"D1": "x",
				"D2": "x",
				"Definição": "Linha delimitadora da zona superior de aterro (zona onde se depositaram terras para definir uma sobrelevação) ou da zona superior do desaterro (zonas de onde se retiraram terras para gerar uma depressão)."
			}, {
				"Valores": "3",
				"Descrição": "Socalco",
				"Valores INSPIRE": "",
				"D1": "x",
				"D2": "x",
				"Definição": "Limite superior da porção de terreno determinada natural ou artificialmente em encostas, relativamente estreita, destinando-se a cultivo."
			}, {
				"Valores": "4",
				"Descrição": "Combro",
				"Valores INSPIRE": "",
				"D1": "x",
				"D2": "x",
				"Definição": "Limite superior de pequena elevação no terreno, normalmente artificial para separar várias zonas de água, nomeadamente em arrozais e outras culturas semelhantes."
			}]
		}]
	}
}
