{
	"objecto": {
		"Tema": "HIDROGRAFIA",
		"Característica geográfica": "Nascente",
		"Objeto INSPIRE": "spring",
		"objeto": "Nascente",
		"Definição": "Ponto da superfície do solo (a céu aberto) de onde brota água ou nasce um curso de água.",
		"Dim.": "3D",
		"Atributos": [{
			"Atributo": "identificador",
			"Multip.": "1",
			"Definição": "Identificador unívoco - Universal Unique Identifier gerado através da função uuid_generate_v1mc().",
			"Tipo": "UUID",
			"D1": "x",
			"D2": "x"
		}, {
			"Atributo": "inicioObjeto",
			"Multip.": "1",
			"Definição": "Data e hora (hora:minuto:segundo) em que a versão em causa do “objeto” foi inserida ou alterada.",
			"Tipo": "DataTempo",
			"D1": "x",
			"D2": "x"
		}, {
			"Atributo": "fimObjeto",
			"Multip.": "[0..1]",
			"Definição": "Data e hora (hora:minuto:segundo) em que a versão em causa do “objeto” foi substituída.",
			"Tipo": "DataTempo",
			"D1": "",
			"D2": ""
		}, {
			"Atributo": "geometria",
			"Multip.": "1",
			"Tipo": "Geometria (ponto)",
			"D1": "x",
			"D2": "x",
			"Definição": ""
		}, {
			"Atributo": "valorPersistenciaHidrologica",
			"Multip.": "1",
			"Tipo": "Lista de códigos",
			"D1": "",
			"D2": "",
			"Definição": "Categoria de persistência hidrológica de uma massa de água."
		}, {
			"Atributo": "valorTipoNascente",
			"Multip.": "1",
			"Tipo": "Lista de códigos",
			"D1": "",
			"D2": "",
			"Definição": "Caracterização do tipo de nascente."
		}, {
			"Atributo": "iDHidrografico",
			"Multip.": "1",
			"Tipo": "Texto",
			"D1": "",
			"D2": "",
			"Definição": "Identificador do objeto no mundo real."
		}, {
			"Atributo": "nome",
			"Multip.": "[0..1]",
			"Tipo": "Texto",
			"D1": "x",
			"D2": "x",
			"Definição": "Topónimo da entidade no mundo real."
		}],
		"listas de códigos": [{
			"nome": "valorPersistenciaHidrologica",
			"valores": [{
				"Valores": "1",
				"Descrição": "Seco",
				"Valores INSPIRE": "dry",
				"D1": "",
				"D2": "",
				"Definição": "Cheio e/ou a correr raramente, de um modo geral, unicamente durante e /ou logo após forte precipitação."
			}, {
				"Valores": "2",
				"Descrição": "Efémero",
				"Valores INSPIRE": "ephemeral",
				"D1": "",
				"D2": "",
				"Definição": "Cheio e/ou a correr durante e logo após precipitações."
			}, {
				"Valores": "3",
				"Descrição": "Intermitente",
				"Valores INSPIRE": "intermittent",
				"D1": "",
				"D2": "",
				"Definição": "Cheio e/ou a correr durante uma parte do ano."
			}, {
				"Valores": "4",
				"Descrição": "Perene",
				"Valores INSPIRE": "perennial",
				"D1": "",
				"D2": "",
				"Definição": "Cheio e/ou a correr continuamente ao longo do ano."
			}]
		}, {
			"nome": "valorTipoNascente",
			"valores": [{
				"Valores": "1",
				"Descrição": "Água de nascente",
				"Valores INSPIRE": "",
				"D1": "",
				"D2": "",
				"Definição": "Ponto da superfície do solo de onde brota água ou onde nasce um curso de água."
			}, {
				"Valores": "2",
				"Descrição": "Água mineral",
				"Valores INSPIRE": "",
				"D1": "",
				"D2": "",
				"Definição": "Ponto da superfície do solo de onde brota água mineral."
			}]
		}]
	}
}
