{
	"objecto": {
		"Tema": "HIDROGRAFIA",
		"Característica geográfica": "Nó hidrográfico",
		"Objeto INSPIRE": "HydroNode",
		"objeto": "NoHidrografico",
		"Definição": "Ponto utilizado para representar a conectividade entre segmentos da rede hidrográfica.",
		"Dim.": "3D",
		"Atributos": [{
			"Atributo": "identificador",
			"Multip.": "1",
			"Definição": "Identificador unívoco - Universal Unique Identifier gerado através da função uuid_generate_v1mc().",
			"Tipo": "UUID",
			"D1": "x",
			"D2": "x"
		}, {
			"Atributo": "inicioObjeto",
			"Multip.": "1",
			"Definição": "Data e hora (hora:minuto:segundo) em que a versão em causa do “objeto” foi inserida ou alterada.",
			"Tipo": "DataTempo",
			"D1": "x",
			"D2": "x"
		}, {
			"Atributo": "fimObjeto",
			"Multip.": "[0..1]",
			"Definição": "Data e hora (hora:minuto:segundo) em que a versão em causa do “objeto” foi substituída.",
			"Tipo": "DataTempo",
			"D1": "",
			"D2": ""
		}, {
			"Atributo": "geometria",
			"Multip.": "1",
			"Tipo": "Geometria (ponto)",
			"D1": "x",
			"D2": "x",
			"Definição": ""
		}, {
			"Atributo": "valorTipoNoHidrografico",
			"Multip.": "1",
			"Tipo": "Lista de códigos",
			"D1": "x",
			"D2": "x",
			"Definição": "Categorias dos diferentes tipos de nós das redes hidrográficas."
		}, {
			"Atributo": "iDHidrografico",
			"Multip.": "1",
			"Tipo": "Texto",
			"D1": "",
			"D2": "",
			"Definição": "Identificador do objeto no mundo real."
		}],
		"listas de códigos": [{
			"nome": "valorTipoNoHidrografico",
			"valores": [{
				"Valores": "1",
				"Descrição": "Início",
				"Valores INSPIRE": "source",
				"D1": "x",
				"D2": "x",
				"Definição": "Nó que identifica o início de uma série de linhas de “Curso de água - eixo”."
			}, {
				"Valores": "2",
				"Descrição": "Fim",
				"Valores INSPIRE": "outlet",
				"D1": "x",
				"D2": "x",
				"Definição": "Nó que identifica o final de uma série de linhas de “Curso de água - eixo”."
			}, {
				"Valores": "3",
				"Descrição": "Junção",
				"Valores INSPIRE": "junction",
				"D1": "x",
				"D2": "x",
				"Definição": "Nó que identifica a intersecção de 3 ou mais linhas de “Curso de água - eixo”."
			}, {
				"Valores": "4",
				"Descrição": "Pseudo-nó",
				"Valores INSPIRE": "",
				"D1": "x",
				"D2": "x",
				"Definição": "Nó que representa um ponto que une 2 linhas “Curso de água- eixo” com características distintas."
			}, {
				"Valores": "5",
				"Descrição": "Variação de fluxo",
				"Valores INSPIRE": "flowConstriction",
				"D1": "x",
				"D2": "x",
				"Definição": "Nó que representa um local que condiciona o fluxo do curso de água (ex: “Queda de água”; “Zona húmida”)."
			}, {
				"Valores": "6",
				"Descrição": "Regulação de fluxo",
				"Valores INSPIRE": "flowRegulation",
				"D1": "x",
				"D2": "x",
				"Definição": "Nó que representa um local que regula o fluxo do curso de água. (ex: “Barreira”)."
			}, {
				"Valores": "7",
				"Descrição": "Fronteira",
				"Valores INSPIRE": "boundary",
				"D1": "",
				"D2": "",
				"Definição": "Nó usado para conectar redes diferentes. O curso de água atravessa uma fronteira."
			}]
		}]
	}
}
