{
	"objecto": {
		"Tema": "TRANSPORTES (Transporte rodoviário)",
		"Característica geográfica": "Nó de transporte rodoviário",
		"Objeto INSPIRE": "RoadNode",
		"objeto": "NoTransRodov",
		"Definição": "Ponto utilizado para representar a conectividade entre segmentos da via rodoviária, estabelecer a relação com outras vias de comunicação e com as infraestruturas associadas à via rodoviária.",
		"Dim.": "3D",
		"Atributos": [{
			"Atributo": "identificador",
			"Multip.": "1",
			"Definição": "Identificador unívoco - Universal Unique Identifier gerado através da função uuid_generate_v1mc().",
			"Tipo": "UUID",
			"D1": "x",
			"D2": "x"
		}, {
			"Atributo": "inicioObjeto",
			"Multip.": "1",
			"Definição": "Data e hora (hora:minuto:segundo) em que a versão em causa do “objeto” foi inserida ou alterada.",
			"Tipo": "DataTempo",
			"D1": "x",
			"D2": "x"
		}, {
			"Atributo": "fimObjeto",
			"Multip.": "[0..1]",
			"Definição": "Data e hora (hora:minuto:segundo) em que a versão em causa do “objeto” foi substituída.",
			"Tipo": "DataTempo",
			"D1": "",
			"D2": ""
		}, {
			"Atributo": "geometria",
			"Multip.": "1",
			"Tipo": "Geometria (ponto)",
			"D1": "x",
			"D2": "x",
			"Definição": ""
		}, {
			"Atributo": "valorTipoNoTransRodov",
			"Multip.": "1",
			"Tipo": "Lista de códigos",
			"D1": "x",
			"D2": "x",
			"Definição": "Tipo de nó rodoviário."
		}],
		"listas de códigos": [{
			"nome": "valorTipoNoTransRodov",
			"valores": [{
				"Valores": "1",
				"Descrição": "Junção",
				"Valores INSPIRE": "junction",
				"D1": "x",
				"D2": "x",
				"Definição": "Nó que identifica a interseção ao mesmo nível de 3 ou mais segmentos da via rodoviária (incluindo cruzamentos, entroncamentos e rotundas)."
			}, {
				"Valores": "2",
				"Descrição": "Passagem de nível",
				"Valores INSPIRE": "levelCrossing",
				"D1": "x",
				"D2": "x",
				"Definição": "Nó que identifica a interseção ao mesmo nível do segmento da via rodoviária com o segmento da via ferroviária."
			}, {
				"Valores": "3",
				"Descrição": "Pseudo-nó",
				"Valores INSPIRE": "pseudoNode",
				"D1": "x",
				"D2": "x",
				"Definição": "Nó que representa um ponto que une dois segmentos da via rodoviária com características distintas."
			}, {
				"Valores": "4",
				"Descrição": "Fim da via rodoviária",
				"Valores INSPIRE": "roadEnd",
				"D1": "x",
				"D2": "x",
				"Definição": "Nó que identifica o fim do segmento da via rodoviária (não existe conetividade com outro segmento)."
			}, {
				"Valores": "5",
				"Descrição": "Infraestrutura",
				"Valores INSPIRE": "roadServiceArea",
				"D1": "x",
				"D2": "x",
				"Definição": "Nó que identifica a presença de uma infraestrutura de transporte rodoviário."
			}]
		}]
	}
}
