{
	"objecto": {
		"Tema": "INFRAESTRUTURAS E SERVIÇOS DE INTERESSE PÚBLICO",
		"Característica geográfica": "Oleoduto, gasoduto ou substâncias químicas",
		"Objeto INSPIRE": "OilGasChemicalsPipe",
		"objeto": "OleodutoGasodutoSubtanciasQuimicas",
		"Definição": "Tubagem utilizada para transportar petróleo, gás ou produtos químicos de um local para outro.",
		"Dim.": "2D",
		"Atributos": [{
			"Atributo": "identificador",
			"Multip.": "1",
			"Definição": "Identificador unívoco - Universal Unique Identifier gerado através da função uuid_generate_v1mc().",
			"Tipo": "UUID",
			"D1": "x",
			"D2": "x"
		}, {
			"Atributo": "inicioObjeto",
			"Multip.": "1",
			"Definição": "Data e hora (hora:minuto:segundo) em que a versão em causa do “objeto” foi inserida ou alterada.",
			"Tipo": "DataTempo",
			"D1": "x",
			"D2": "x"
		}, {
			"Atributo": "fimObjeto",
			"Multip.": "[0..1]",
			"Definição": "Data e hora (hora:minuto:segundo) em que a versão em causa do “objeto” foi substituída.",
			"Tipo": "DataTempo",
			"D1": "",
			"D2": ""
		}, {
			"Atributo": "geometria",
			"Multip.": "1",
			"Tipo": "Geometria (linha)",
			"D1": "x",
			"D2": "x",
			"Definição": ""
		}, {
			"Atributo": "valorGasodutoOleodutoSubQuimicas",
			"Multip.": "1",
			"Tipo": "Lista de códigos",
			"D1": "x",
			"D2": "x",
			"Definição": "Tipo de infraestrutura."
		}, {
			"Atributo": "valorPosicaoVertical",
			"Multip.": "1",
			"Tipo": "Lista de códigos",
			"D1": "x",
			"D2": "x",
			"Definição": "A posição vertical relativa da entidade (fenómeno no mundo real)."
		}, {
			"Atributo": "diametro",
			"Multip.": "1",
			"Tipo": "Real",
			"D1": "",
			"D2": "",
			"Definição": "Diâmetro da conduta. [unidade: metro]"
		}],
		"listas de códigos": [{
			"nome": "valorGasodutoOleodutoSubQuimicas",
			"valores": [{
				"Valores": "1",
				"Descrição": "Gasoduto",
				"Valores INSPIRE": "",
				"D1": "x",
				"D2": "x",
				"Definição": "Conduta de transporte de gás natural em estado gasoso e com diferentes pressões de serviço."
			},{
				"Valores": "1.1",
				"Descrição": "Gasoduto de 1º escalão",
				"Valores INSPIRE": "",
				"D1": "",
				"D2": "",
				"Definição": "Conduta de transporte de gás natural em estado gasoso e com pressão de serviço superior a 20 bar."
			},{
				"Valores": "1.2",
				"Descrição": "Gasoduto de 2º escalão",
				"Valores INSPIRE": "",
				"D1": "",
				"D2": "",
				"Definição": "Conduta de transporte de gás natural em estado gasoso e com pressão de serviço igual ou inferior a 20 bar e superior a 4 bar."
			},{
				"Valores": "1.3",
				"Descrição": "Gasoduto de 3º escalão",
				"Valores INSPIRE": "",
				"D1": "",
				"D2": "",
				"Definição": "Conduta de transporte de gás natural em estado gasoso e com pressão de serviço igual ou inferior a 4 bar."
			}, {
				"Valores": "2",
				"Descrição": "Oleoduto",
				"Valores INSPIRE": "",
				"D1": "x",
				"D2": "x",
				"Definição": "Tubagem para transportar ou conduzir petróleo ou seus derivados."
			}, {
				"Valores": "3",
				"Descrição": "Outros produtos",
				"Valores INSPIRE": "",
				"D1": "x",
				"D2": "x",
				"Definição": "Tubagem para transportar produtos químicos."
			}]
		}, {
			"nome": "valorPosicaoVertical",
			"valores": [{
				"Valores": "1",
				"Descrição": "Suspenso ou elevado",
				"Valores INSPIRE": "suspendedOrElevated",
				"D1": "x",
				"D2": "x",
				"Definição": "A entidade geográfica está acima do solo."
			}, {
				"Valores": "0",
				"Descrição": "Ao nível do solo",
				"Valores INSPIRE": "onGroundSurface ",
				"D1": "x",
				"D2": "x",
				"Definição": "A entidade geográfica está assente diretamente no solo."
			}, {
				"Valores": "-1",
				"Descrição": "No subsolo",
				"Valores INSPIRE": "underground",
				"D1": "x",
				"D2": "x",
				"Definição": "A entidade geográfica está assente abaixo do solo."
			}]
		}]
	}
}
