{
	"objecto": {
		"Tema": "CONSTRUÇÕES",
		"Característica geográfica": "Ponto de interesse",
		"Objeto INSPIRE": "",
		"objeto": "PontoInteresse",
		"Definição": "Fenómeno do mundo real a que corresponde uma localização específica com especial relevância.",
		"Dim.": "2D",
		"Atributos": [{
			"Atributo": "identificador",
			"Multip.": "1",
			"Definição": "Identificador unívoco - Universal Unique Identifier gerado através da função uuid_generate_v1mc().",
			"Tipo": "UUID",
			"D1": "x",
			"D2": "x"
		}, {
			"Atributo": "inicioObjeto",
			"Multip.": "1",
			"Definição": "Data e hora (hora:minuto:segundo) em que a versão em causa do “objeto” foi inserida ou alterada.",
			"Tipo": "DataTempo",
			"D1": "x",
			"D2": "x"
		}, {
			"Atributo": "fimObjeto",
			"Multip.": "[0..1]",
			"Definição": "Data e hora (hora:minuto:segundo) em que a versão em causa do “objeto” foi substituída.",
			"Tipo": "DataTempo",
			"D1": "",
			"D2": ""
		}, {
			"Atributo": "geometria",
			"Multip.": "1",
			"Tipo": "Geometria (ponto; polígono)",
			"D1": "x",
			"D2": "x",
			"Definição": ""
		}, {
			"Atributo": "valorTipoPontoInteresse",
			"Multip.": "1",
			"Tipo": "Lista de códigos",
			"D1": "x",
			"D2": "x",
			"Definição": "Identificação do tipo de ponto de interesse."
		}, {
			"Atributo": "nome",
			"Multip.": "[0..1]",
			"Tipo": "Texto",
			"D1": "x",
			"D2": "x",
			"Definição": "Nome do ponto de interesse."
		}],
		"listas de códigos": [{
			"nome": "valorTipoPontoInteresse",
			"valores": [{
				"Valores": "1",
				"Descrição": "Alminha",
				"Valores INSPIRE": "",
				"D1": "x",
				"D2": "",
				"Definição": "Pequeno monumento na berma dos caminhos ou das estradas assinalando à pessoas que passam as almas do purgatório ou lembrando a memória de pessoas que ali tenham falecido."
			}, {
				"Valores": "2",
				"Descrição": "Anta",
				"Valores INSPIRE": "",
				"D1": "x",
				"D2": "x",
				"Definição": "Monumento sepulcral pré-histórico, delimitado por pedras mais ou menos verticais, esteios, e coberto por uma grande laje horizontal, mesa ou chapéu."
			}, {
				"Valores": "3",
				"Descrição": "Árvore",
				"Valores INSPIRE": "",
				"D1": "x",
				"D2": "",
				"Definição": "Árvore de qualquer tipo quando não localizada em parques, jardins, áreas desportivas ou áreas agrícolas, florestais ou matos."
			}, {
				"Valores": "4",
				"Descrição": "Árvore classificada",
				"Valores INSPIRE": "",
				"D1": "x",
				"D2": "x",
				"Definição": "Árvore de valor patrimonial elevado (classificação atribuída pelo Instituto da Conservação da Natureza e das Florestas)."
			}, {
				"Valores": "5",
				"Descrição": "Castro",
				"Valores INSPIRE": "",
				"D1": "x",
				"D2": "x",
				"Definição": "Corresponde a ruínas ou restos arqueológicos de um tipo de povoado da Idade do Cobre e da Idade do Ferro, característico de zonas da Península Ibérica."
			}, {
				"Valores": "6",
				"Descrição": "Cruzeiro",
				"Valores INSPIRE": "",
				"D1": "x",
				"D2": "x",
				"Definição": "Cruz de pedra, raramente de madeira, colocada em praças, adros de igrejas, em caminhos e encruzilhadas."
			}, {
				"Valores": "7",
				"Descrição": "Estátua",
				"Valores INSPIRE": "",
				"D1": "x",
				"D2": "x",
				"Definição": "Escultura em três dimensões representativa de uma figura humana, animal, mítica ou divina."
			}, {
				"Valores": "8",
				"Descrição": "Menir",
				"Valores INSPIRE": "",
				"D1": "x",
				"D2": "x",
				"Definição": "Monumento megalítico que consiste numa pedra mais ou menos cilíndrica fixada verticalmente no solo."
			}, {
				"Valores": "9",
				"Descrição": "Miradouro",
				"Valores INSPIRE": "",
				"D1": "x",
				"D2": "x",
				"Definição": "Local elevado onde se pode observar e contemplar um largo horizonte."
			}, {
				"Valores": "10",
				"Descrição": "Padrão",
				"Valores INSPIRE": "",
				"D1": "x",
				"D2": "x",
				"Definição": "Monumento de pedra semelhante a um marco que os navegadores portugueses erguiam nas terras por eles descobertas ou monumento monolítico erigido para comemorar um dado acontecimento."
			}, {
				"Valores": "11",
				"Descrição": "Pelourinho",
				"Valores INSPIRE": "",
				"D1": "x",
				"D2": "x",
				"Definição": "Coluna de pedra, símbolo do poder judicial de um concelho, erigida em praça ou sítio central e pública, junto do qual se expunham e castigavam os transgressores."
			}, {
				"Valores": "12",
				"Descrição": "Ruínas com interesse histórico",
				"Valores INSPIRE": "",
				"D1": "x",
				"D2": "x",
				"Definição": "Resto ou destroço de um ou mais edifícios ou construções de raiz histórica."
			}, {
				"Valores": "13",
				"Descrição": "Outro",
				"Valores INSPIRE": "",
				"D1": "x",
				"D2": "x",
				"Definição": "Outro não contemplado nas opções anteriores e que tenha relevância para a caracterização do território."
			}]
		}]
	}
}
