{
	"objecto": {
		"Tema": "CONSTRUÇÕES",
		"Característica geográfica": "Sinal geodésico",
		"Objeto INSPIRE": "",
		"objeto": "SinalGeodesico",
		"Definição": "Ponto da rede geodésica nacional cujas coordenadas geográficas e posição relativa, referidas a um elipsoide de referência, são conhecidas com grande exatidão. A coordenada altimétrica é representada através da altitude ortométrica do topo do sinal geodésico.",
		"Dim.": "3D",
		"Atributos": [{
			"Atributo": "identificador",
			"Multip.": "1",
			"Definição": "Identificador unívoco - Universal Unique Identifier gerado através da função uuid_generate_v1mc().",
			"Tipo": "UUID",
			"D1": "x",
			"D2": "x"
		}, {
			"Atributo": "inicioObjeto",
			"Multip.": "1",
			"Definição": "Data e hora (hora:minuto:segundo) em que a versão em causa do “objeto” foi inserida ou alterada.",
			"Tipo": "DataTempo",
			"D1": "x",
			"D2": "x"
		}, {
			"Atributo": "fimObjeto",
			"Multip.": "[0..1]",
			"Definição": "Data e hora (hora:minuto:segundo) em que a versão em causa do “objeto” foi substituída.",
			"Tipo": "DataTempo",
			"D1": "",
			"D2": ""
		}, {
			"Atributo": "geometria",
			"Multip.": "1",
			"Tipo": "Geometria (ponto)",
			"D1": "x",
			"D2": "x",
			"Definição": ""
		},{
			"Atributo": "valorLocalGeodesico",
			"Multip.": "1",
			"Tipo": "Lista de códigos",
			"D1": "x",
			"D2": "x",
			"Definição": "Identificação do local em que o sinal geodésico está instalado."
		}, {
			"Atributo": "valorOrdem",
			"Multip.": "1",
			"Tipo": "Lista de códigos",
			"D1": "x",
			"D2": "x",
			"Definição": "Identificação da ordem a que pertence o sinal geodésico."
		}, {
			"Atributo": "valorTipoSinalGeodesico",
			"Multip.": "1",
			"Tipo": "Lista de códigos",
			"D1": "x",
			"D2": "x",
			"Definição": "Especifica qual o tipo de sinal geodésico."
		}, {
			"Atributo": "dataRevisao",
			"Multip.": "1",
			"Tipo": "Data",
			"D1": "x",
			"D2": "x",
			"Definição": "Data da revisão da informação sobre o sinal geodésico."
		}, {
			"Atributo": "nome",
			"Multip.": "[0..1]",
			"Tipo": "Texto",
			"D1": "x",
			"D2": "x",
			"Definição": "Nome do sinal geodésico."
		}],
		"listas de códigos": [{
			"nome": "valorLocalGeodesico",
			"valores": [{
				"Valores": "1",
				"Descrição": "Igreja",
				"Valores INSPIRE": "",
				"D1": "x",
				"D2": "x",
				"Definição": "Sinal geodésico em torre, cruz ou zimbório da igreja."
			}, {
				"Valores": "2",
				"Descrição": "Catavento",
				"Valores INSPIRE": "",
				"D1": "x",
				"D2": "x",
				"Definição": "Sinal geodésico em eixo do catavento."
			}, {
				"Valores": "3",
				"Descrição": "Construção",
				"Valores INSPIRE": "",
				"D1": "x",
				"D2": "x",
				"Definição": "Sinal geodésico em torre de edifício, ou no telhado de uma construção."
			}, {
				"Valores": "4",
				"Descrição": "Moinho",
				"Valores INSPIRE": "",
				"D1": "x",
				"D2": "x",
				"Definição": "Sinal geodésico sobre moinho."
			}, {
				"Valores": "5",
				"Descrição": "Cruzeiro",
				"Valores INSPIRE": "",
				"D1": "x",
				"D2": "x",
				"Definição": "Sinal geodésico no topo de cruzeiro."
			}, {
				"Valores": "6",
				"Descrição": "Castelo",
				"Valores INSPIRE": "",
				"D1": "x",
				"D2": "x",
				"Definição": "Sinal geodésico construído num ponto de um castelo."
			}, {
				"Valores": "7",
				"Descrição": "Depósito elevado",
				"Valores INSPIRE": "",
				"D1": "x",
				"D2": "x",
				"Definição": "Sinal geodésico construído no topo de um depósito de água elevado."
			}, {
				"Valores": "8",
				"Descrição": "Farol",
				"Valores INSPIRE": "",
				"D1": "x",
				"D2": "x",
				"Definição": "Sinal geodésico construído no topo ou num ponto de um farol."
			}, {
				"Valores": "9",
				"Descrição": "Posto de vigia",
				"Valores INSPIRE": "",
				"D1": "x",
				"D2": "x",
				"Definição": "Sinal geodésico construído no topo de um posto de vigia."
			}, {
				"Valores": "10",
				"Descrição": "Para-raios",
				"Valores INSPIRE": "",
				"D1": "x",
				"D2": "x",
				"Definição": "Sinal geodésico na ponta de para-raios."
			}, {
				"Valores": "11",
				"Descrição": "Terreno",
				"Valores INSPIRE": "",
				"D1": "x",
				"D2": "x",
				"Definição": "Sinal geodésico sobre o terreno."
			}, {
				"Valores": "995",
				"Descrição": "Não aplicável",
				"Valores INSPIRE": "notApplicable",
				"D1": "x",
				"D2": "x",
				"Definição": ""
			}]
		}, {
			"nome": "valorOrdem",
			"valores": [{
				"Valores": "1",
				"Descrição": "Primeira",
				"Valores INSPIRE": "",
				"D1": "x",
				"D2": "x",
				"Definição": "Pontos da rede geodésica nacional espaçados entre si de 30 a 60 km, cujas coordenadas geográficas e posição relativa, referidas a um elipsoide de referência, são conhecidas com grande exatidão."
			}, {
				"Valores": "2",
				"Descrição": "Segunda ou terceira",
				"Valores INSPIRE": "",
				"D1": "x",
				"D2": "x",
				"Definição": "Pontos da rede geodésica nacional espaçados entre si de 20 a 30 km e 5 a 10 km, cujas coordenadas geográficas e posição relativa, referidas a um elipsoide de referência, são conhecidas com grande exatidão."
			}, {
				"Valores": "995",
				"Descrição": "Não aplicável",
				"Valores INSPIRE": "notApplicable",
				"D1": "x",
				"D2": "x",
				"Definição": ""
			}]
		}, {
			"nome": "valorTipoSinalGeodesico",
			"valores": [{
				"Valores": "1",
				"Descrição": "Estação Permanente",
				"Valores INSPIRE": "",
				"D1": "x",
				"D2": "x",
				"Definição": "Estação Permanente GNSS (Global Navigation Satellite System)"
			}, {
				"Valores": "2",
				"Descrição": "Vértice Geodésico",
				"Valores INSPIRE": "",
				"D1": "x",
				"D2": "x",
				"Definição": "Vértice Geodésico"
			}, {
				"Valores": "3",
				"Descrição": "Marca de Nivelamento",
				"Valores INSPIRE": "",
				"D1": "x",
				"D2": "x",
				"Definição": "Marca de Nivelamento"
			}, {
				"Valores": "4",
				"Descrição": "Marégrafo",
				"Valores INSPIRE": "",
				"D1": "x",
				"D2": "x",
				"Definição": "Marégrafo"
			}, {
				"Valores": "5",
				"Descrição": "Estação Gravimétrica",
				"Valores INSPIRE": "",
				"D1": "x",
				"D2": "x",
				"Definição": "Estação Gravimétrica"
			}]
		}]
	}
}
