{
	"objecto": {
		"Tema": "HIDROGRAFIA",
		"Característica geográfica": "Zona húmida",
		"Objeto INSPIRE": "Wetland",
		"objeto": "ZonaHumida",
		"Definição": "Área mal drenada ou periodicamente inundada em que o solo se encontra saturado de água e onde cresce vegetação.",
		"Dim.": "3D",
		"Atributos": [{
			"Atributo": "identificador",
			"Multip.": "1",
			"Definição": "Identificador unívoco - Universal Unique Identifier gerado através da função uuid_generate_v1mc().",
			"Tipo": "UUID",
			"D1": "x",
			"D2": "x"
		}, {
			"Atributo": "inicioObjeto",
			"Multip.": "1",
			"Definição": "Data e hora (hora:minuto:segundo) em que a versão em causa do “objeto” foi inserida ou alterada.",
			"Tipo": "DataTempo",
			"D1": "x",
			"D2": "x"
		}, {
			"Atributo": "fimObjeto",
			"Multip.": "[0..1]",
			"Definição": "Data e hora (hora:minuto:segundo) em que a versão em causa do “objeto” foi substituída.",
			"Tipo": "DataTempo",
			"D1": "",
			"D2": ""
		}, {
			"Atributo": "geometria",
			"Multip.": "1",
			"Tipo": "Geometria (polígono)",
			"D1": "x",
			"D2": "x",
			"Definição": ""
		}, {
			"Atributo": "valorZonaHumida",
			"Multip.": "1",
			"Tipo": "Lista de códigos",
			"D1": "x",
			"D2": "x",
			"Definição": "Caracterização em função da quantidade de água e de vegetação."
		}, {
			"Atributo": "iDHidrografico",
			"Multip.": "1",
			"Tipo": "Texto",
			"D1": "",
			"D2": "",
			"Definição": "Identificador do objeto no mundo real."
		}, {
			"Atributo": "mare",
			"Multip.": "1",
			"Tipo": "Booleano",
			"D1": "x",
			"D2": "x",
			"Definição": "Indica se a zona húmida é afetada por águas flúvio-marítimas."
		}, {
			"Atributo": "nome",
			"Multip.": "[0..1]",
			"Tipo": "Texto",
			"D1": "x",
			"D2": "x",
			"Definição": "Topónimo da entidade no mundo real."
		}],
		"listas de códigos": [{
			"nome": "valorZonaHumida",
			"valores": [{
				"Valores": "1",
				"Descrição": "Sapal",
				"Valores INSPIRE": "",
				"D1": "x",
				"D2": "x",
				"Definição": "Solo alagadiço, geralmente localizado nas margens de rios e cuja cobertura varia com a quantidade de água."
			}, {
				"Valores": "2",
				"Descrição": "Turfeira",
				"Valores INSPIRE": "",
				"D1": "x",
				"D2": "x",
				"Definição": "Zona húmida, constituídas por solos mal drenados, geralmente impermeáveis, o que provoca o seu encharcamento e anoxia (comum no interior dos Açores)."
			}, {
				"Valores": "3",
				"Descrição": "Paul",
				"Valores INSPIRE": "",
				"D1": "x",
				"D2": "x",
				"Definição": "Terreno alagado com água estagnada (pântano). É um tipo de ecossistema lagunar que se inclui na categoria de zonas húmidas palustres."
			}]
		}]
	}
}
